	0	1	2	3	4	5	6	7	8	9	10	11	12	13	14	15	16	17	18	19	20	21	22	23	24	25	26	27	28	29	30	31	32	33	34	35	36	37	38	39	40	41	42	43	44	45	46	47	48	49	50	51	52	53	54	55	56	57	58	59	60	61	62	63	64	65	66	67	68	69	70	71
0	 ( 2147483647 0 )	 ( 28 13 )	 ( 39 10 )	 ( 38 13 )	 ( 35 13 )	 ( 38 24 )	 ( 10 21 )	 ( 13 30 )	 ( 13 38 )	 ( 11 31 )	 ( 13 34 )	 ( 13 31 )	 ( 13 28 )	 ( 13 21 )	 ( 13 38 )	 ( 30 23 )	 ( 30 20 )	 ( 10 40 )	 ( 25 37 )	 ( 11 38 )	 ( 13 40 )	 ( 13 32 )	 ( 11 38 )	 ( 13 32 )	 ( 20 44 )	 ( 17 28 )	 ( 13 29 )	 ( 32 29 )	 ( 33 20 )	 ( 33 14 )	 ( 28 24 )	 ( 33 22 )	 ( 10 28 )	 ( 10 26 )	 ( 10 23 )	 ( 13 48 )	 ( 32 32 )	 ( 11 35 )	 ( 38 27 )	 ( 35 28 )	 ( 13 15 )	 ( 17 16 )	 ( 10 27 )	 ( 39 25 )	 ( 10 13 )	 ( 13 24 )	 ( 13 26 )	 ( 10 31 )	 ( 13 37 )	 ( 13 33 )	 ( 13 40 )	 ( 13 39 )	 ( 13 51 )	 ( 13 32 )	 ( 13 36 )	 ( 17 34 )	 ( 11 34 )	 ( 28 25 )	 ( 17 24 )	 ( 27 29 )	 ( 10 20 )	 ( 13 27 )	 ( 13 49 )	 ( 17 24 )	 ( 11 41 )	 ( 11 39 )	 ( 11 37 )	 ( 10 25 )	 ( 10 35 )	 ( 10 23 )	 ( 10 32 )	 ( 39 31 )
1	 ( 28 13 )	 ( 2147483647 0 )	 ( 10 8 )	 ( 10 11 )	 ( 28 26 )	 ( 39 14 )	 ( 27 17 )	 ( 5 32 )	 ( 5 40 )	 ( 5 33 )	 ( 5 36 )	 ( 5 33 )	 ( 5 30 )	 ( 5 23 )	 ( 5 40 )	 ( 5 25 )	 ( 5 32 )	 ( 5 34 )	 ( 5 26 )	 ( 5 36 )	 ( 5 42 )	 ( 5 34 )	 ( 5 40 )	 ( 5 34 )	 ( 5 33 )	 ( 5 31 )	 ( 5 31 )	 ( 5 33 )	 ( 37 18 )	 ( 10 12 )	 ( 42 11 )	 ( 37 20 )	 ( 39 23 )	 ( 27 22 )	 ( 39 18 )	 ( 5 50 )	 ( 5 21 )	 ( 5 24 )	 ( 5 16 )	 ( 5 30 )	 ( 13 28 )	 ( 17 13 )	 ( 27 23 )	 ( 5 12 )	 ( 27 5 )	 ( 5 20 )	 ( 5 18 )	 ( 19 23 )	 ( 5 29 )	 ( 7 25 )	 ( 5 32 )	 ( 5 41 )	 ( 5 53 )	 ( 5 34 )	 ( 5 38 )	 ( 17 21 )	 ( 11 21 )	 ( 39 12 )	 ( 17 21 )	 ( 27 16 )	 ( 22 12 )	 ( 5 29 )	 ( 5 51 )	 ( 17 21 )	 ( 5 41 )	 ( 5 41 )	 ( 5 39 )	 ( 12 17 )	 ( 19 27 )	 ( 19 15 )	 ( 22 24 )	 ( 5 18 )
2	 ( 39 10 )	 ( 10 8 )	 ( 2147483647 0 )	 ( 17 3 )	 ( 35 23 )	 ( 17 14 )	 ( 10 11 )	 ( 21 35 )	 ( 21 43 )	 ( 11 36 )	 ( 21 39 )	 ( 21 36 )	 ( 21 33 )	 ( 21 26 )	 ( 21 43 )	 ( 21 28 )	 ( 30 30 )	 ( 17 35 )	 ( 17 27 )	 ( 10 37 )	 ( 21 45 )	 ( 21 37 )	 ( 11 43 )	 ( 17 37 )	 ( 17 34 )	 ( 21 34 )	 ( 21 34 )	 ( 21 36 )	 ( 33 10 )	 ( 33 4 )	 ( 33 17 )	 ( 33 12 )	 ( 10 18 )	 ( 10 16 )	 ( 10 13 )	 ( 21 53 )	 ( 17 22 )	 ( 11 25 )	 ( 17 17 )	 ( 5 33 )	 ( 13 25 )	 ( 17 6 )	 ( 10 17 )	 ( 48 15 )	 ( 10 3 )	 ( 48 23 )	 ( 48 21 )	 ( 10 21 )	 ( 16 32 )	 ( 7 23 )	 ( 26 35 )	 ( 21 44 )	 ( 21 56 )	 ( 13 37 )	 ( 21 41 )	 ( 17 25 )	 ( 11 25 )	 ( 17 16 )	 ( 17 14 )	 ( 17 20 )	 ( 10 10 )	 ( 21 32 )	 ( 21 54 )	 ( 17 14 )	 ( 10 42 )	 ( 11 44 )	 ( 11 42 )	 ( 10 15 )	 ( 10 25 )	 ( 10 13 )	 ( 10 22 )	 ( 48 21 )
3	 ( 38 13 )	 ( 10 11 )	 ( 17 3 )	 ( 2147483647 0 )	 ( 35 26 )	 ( 55 11 )	 ( 10 8 )	 ( 21 38 )	 ( 21 46 )	 ( 11 39 )	 ( 21 42 )	 ( 21 39 )	 ( 21 36 )	 ( 21 29 )	 ( 21 46 )	 ( 21 31 )	 ( 30 33 )	 ( 25 32 )	 ( 25 24 )	 ( 10 34 )	 ( 21 48 )	 ( 21 40 )	 ( 11 46 )	 ( 17 40 )	 ( 20 31 )	 ( 21 37 )	 ( 21 37 )	 ( 21 39 )	 ( 17 13 )	 ( 17 7 )	 ( 17 20 )	 ( 17 15 )	 ( 10 15 )	 ( 10 13 )	 ( 10 10 )	 ( 21 56 )	 ( 32 19 )	 ( 11 22 )	 ( 45 14 )	 ( 5 36 )	 ( 13 28 )	 ( 17 9 )	 ( 10 14 )	 ( 23 18 )	 ( 10 6 )	 ( 23 26 )	 ( 23 24 )	 ( 10 24 )	 ( 16 35 )	 ( 7 26 )	 ( 23 38 )	 ( 5 46 )	 ( 21 59 )	 ( 13 40 )	 ( 21 44 )	 ( 17 22 )	 ( 11 22 )	 ( 53 13 )	 ( 17 17 )	 ( 27 17 )	 ( 10 13 )	 ( 21 35 )	 ( 5 56 )	 ( 17 17 )	 ( 10 39 )	 ( 11 47 )	 ( 11 45 )	 ( 10 18 )	 ( 10 28 )	 ( 10 16 )	 ( 10 25 )	 ( 23 24 )
4	 ( 35 13 )	 ( 28 26 )	 ( 35 23 )	 ( 35 26 )	 ( 2147483647 0 )	 ( 13 26 )	 ( 13 32 )	 ( 13 17 )	 ( 13 25 )	 ( 11 18 )	 ( 13 21 )	 ( 13 18 )	 ( 13 15 )	 ( 13 8 )	 ( 13 25 )	 ( 30 10 )	 ( 30 7 )	 ( 10 27 )	 ( 13 33 )	 ( 11 25 )	 ( 13 27 )	 ( 13 19 )	 ( 11 25 )	 ( 13 19 )	 ( 13 35 )	 ( 17 15 )	 ( 13 16 )	 ( 32 16 )	 ( 33 33 )	 ( 33 27 )	 ( 13 30 )	 ( 33 35 )	 ( 13 35 )	 ( 13 37 )	 ( 13 30 )	 ( 13 35 )	 ( 13 28 )	 ( 11 31 )	 ( 13 23 )	 ( 55 15 )	 ( 13 2 )	 ( 17 29 )	 ( 13 38 )	 ( 13 19 )	 ( 10 26 )	 ( 13 11 )	 ( 13 13 )	 ( 7 22 )	 ( 13 24 )	 ( 13 20 )	 ( 13 27 )	 ( 13 26 )	 ( 13 38 )	 ( 13 19 )	 ( 13 23 )	 ( 13 37 )	 ( 11 37 )	 ( 13 28 )	 ( 17 37 )	 ( 13 32 )	 ( 13 24 )	 ( 13 14 )	 ( 13 36 )	 ( 10 33 )	 ( 11 28 )	 ( 11 26 )	 ( 11 24 )	 ( 12 29 )	 ( 7 26 )	 ( 13 27 )	 ( 7 30 )	 ( 13 25 )
5	 ( 38 24 )	 ( 39 14 )	 ( 17 14 )	 ( 55 11 )	 ( 13 26 )	 ( 2147483647 0 )	 ( 30 6 )	 ( 21 27 )	 ( 21 35 )	 ( 11 28 )	 ( 21 31 )	 ( 21 28 )	 ( 21 25 )	 ( 21 18 )	 ( 21 35 )	 ( 21 20 )	 ( 13 27 )	 ( 25 21 )	 ( 25 13 )	 ( 10 23 )	 ( 21 37 )	 ( 21 29 )	 ( 11 35 )	 ( 17 29 )	 ( 20 20 )	 ( 21 26 )	 ( 21 26 )	 ( 21 28 )	 ( 46 16 )	 ( 27 14 )	 ( 23 18 )	 ( 48 14 )	 ( 44 9 )	 ( 30 11 )	 ( 44 4 )	 ( 21 45 )	 ( 32 8 )	 ( 11 11 )	 ( 45 3 )	 ( 5 25 )	 ( 21 24 )	 ( 17 16 )	 ( 30 12 )	 ( 23 7 )	 ( 43 12 )	 ( 23 15 )	 ( 23 13 )	 ( 13 20 )	 ( 16 24 )	 ( 21 20 )	 ( 23 27 )	 ( 5 35 )	 ( 21 48 )	 ( 13 29 )	 ( 21 33 )	 ( 17 11 )	 ( 11 11 )	 ( 53 2 )	 ( 17 24 )	 ( 27 6 )	 ( 23 12 )	 ( 21 24 )	 ( 5 45 )	 ( 10 13 )	 ( 10 28 )	 ( 11 36 )	 ( 11 34 )	 ( 12 17 )	 ( 13 24 )	 ( 19 15 )	 ( 23 24 )	 ( 23 13 )
6	 ( 10 21 )	 ( 27 17 )	 ( 10 11 )	 ( 10 8 )	 ( 13 32 )	 ( 30 6 )	 ( 2147483647 0 )	 ( 21 33 )	 ( 21 41 )	 ( 11 34 )	 ( 21 37 )	 ( 21 34 )	 ( 21 31 )	 ( 21 24 )	 ( 21 41 )	 ( 21 26 )	 ( 13 33 )	 ( 25 27 )	 ( 25 19 )	 ( 10 29 )	 ( 21 43 )	 ( 21 35 )	 ( 11 41 )	 ( 17 35 )	 ( 20 26 )	 ( 21 32 )	 ( 21 32 )	 ( 21 34 )	 ( 14 17 )	 ( 10 15 )	 ( 38 20 )	 ( 14 19 )	 ( 30 7 )	 ( 43 5 )	 ( 30 2 )	 ( 21 51 )	 ( 30 14 )	 ( 11 17 )	 ( 30 9 )	 ( 5 31 )	 ( 21 30 )	 ( 10 17 )	 ( 38 6 )	 ( 23 13 )	 ( 51 12 )	 ( 23 21 )	 ( 23 19 )	 ( 13 26 )	 ( 16 30 )	 ( 21 26 )	 ( 23 33 )	 ( 5 41 )	 ( 21 54 )	 ( 13 35 )	 ( 21 39 )	 ( 17 17 )	 ( 11 17 )	 ( 30 8 )	 ( 10 25 )	 ( 27 12 )	 ( 23 18 )	 ( 21 30 )	 ( 5 51 )	 ( 10 19 )	 ( 10 34 )	 ( 11 42 )	 ( 11 40 )	 ( 12 23 )	 ( 13 30 )	 ( 19 21 )	 ( 23 30 )	 ( 23 19 )
7	 ( 13 30 )	 ( 5 32 )	 ( 21 35 )	 ( 21 38 )	 ( 13 17 )	 ( 21 27 )	 ( 21 33 )	 ( 2147483647 0 )	 ( 32 8 )	 ( 11 1 )	 ( 31 4 )	 ( 54 1 )	 ( 30 2 )	 ( 30 9 )	 ( 36 18 )	 ( 30 11 )	 ( 13 18 )	 ( 10 10 )	 ( 10 18 )	 ( 11 8 )	 ( 45 10 )	 ( 26 2 )	 ( 11 8 )	 ( 17 2 )	 ( 53 18 )	 ( 30 17 )	 ( 30 17 )	 ( 30 19 )	 ( 21 38 )	 ( 21 39 )	 ( 21 31 )	 ( 21 40 )	 ( 21 36 )	 ( 21 38 )	 ( 21 31 )	 ( 25 18 )	 ( 21 29 )	 ( 11 32 )	 ( 21 24 )	 ( 5 22 )	 ( 30 15 )	 ( 17 40 )	 ( 21 39 )	 ( 21 20 )	 ( 21 32 )	 ( 21 12 )	 ( 21 14 )	 ( 7 18 )	 ( 16 25 )	 ( 11 16 )	 ( 21 28 )	 ( 32 9 )	 ( 45 22 )	 ( 13 20 )	 ( 36 20 )	 ( 17 38 )	 ( 11 38 )	 ( 21 29 )	 ( 17 48 )	 ( 7 32 )	 ( 21 25 )	 ( 30 15 )	 ( 30 19 )	 ( 10 34 )	 ( 11 11 )	 ( 11 9 )	 ( 11 7 )	 ( 7 28 )	 ( 7 22 )	 ( 7 26 )	 ( 7 26 )	 ( 21 26 )
8	 ( 13 38 )	 ( 5 40 )	 ( 21 43 )	 ( 21 46 )	 ( 13 25 )	 ( 21 35 )	 ( 21 41 )	 ( 32 8 )	 ( 2147483647 0 )	 ( 11 9 )	 ( 52 11 )	 ( 32 9 )	 ( 30 10 )	 ( 30 17 )	 ( 32 26 )	 ( 30 19 )	 ( 13 26 )	 ( 10 18 )	 ( 5 23 )	 ( 11 16 )	 ( 32 18 )	 ( 26 10 )	 ( 11 16 )	 ( 17 10 )	 ( 5 16 )	 ( 30 25 )	 ( 30 25 )	 ( 30 27 )	 ( 21 46 )	 ( 21 47 )	 ( 21 39 )	 ( 21 48 )	 ( 21 44 )	 ( 21 46 )	 ( 21 39 )	 ( 25 26 )	 ( 21 37 )	 ( 11 40 )	 ( 21 32 )	 ( 5 30 )	 ( 30 23 )	 ( 17 48 )	 ( 21 47 )	 ( 21 28 )	 ( 21 40 )	 ( 21 20 )	 ( 21 22 )	 ( 7 26 )	 ( 16 33 )	 ( 11 24 )	 ( 21 36 )	 ( 45 1 )	 ( 32 30 )	 ( 13 28 )	 ( 32 28 )	 ( 17 46 )	 ( 11 46 )	 ( 21 37 )	 ( 17 56 )	 ( 7 40 )	 ( 21 33 )	 ( 30 23 )	 ( 30 11 )	 ( 10 42 )	 ( 11 19 )	 ( 33 8 )	 ( 33 10 )	 ( 7 36 )	 ( 7 30 )	 ( 7 34 )	 ( 7 34 )	 ( 21 34 )
9	 ( 11 31 )	 ( 5 33 )	 ( 11 36 )	 ( 11 39 )	 ( 11 18 )	 ( 11 28 )	 ( 11 34 )	 ( 11 1 )	 ( 11 9 )	 ( 2147483647 0 )	 ( 11 5 )	 ( 11 2 )	 ( 11 3 )	 ( 11 10 )	 ( 11 19 )	 ( 11 12 )	 ( 11 19 )	 ( 10 9 )	 ( 10 17 )	 ( 21 7 )	 ( 11 11 )	 ( 11 3 )	 ( 11 9 )	 ( 11 3 )	 ( 11 19 )	 ( 11 18 )	 ( 11 18 )	 ( 11 20 )	 ( 11 39 )	 ( 11 40 )	 ( 11 32 )	 ( 11 41 )	 ( 11 37 )	 ( 11 39 )	 ( 11 32 )	 ( 11 19 )	 ( 11 30 )	 ( 11 33 )	 ( 11 25 )	 ( 5 23 )	 ( 11 16 )	 ( 11 41 )	 ( 11 40 )	 ( 11 21 )	 ( 11 33 )	 ( 11 13 )	 ( 11 15 )	 ( 7 17 )	 ( 11 26 )	 ( 29 15 )	 ( 18 28 )	 ( 11 10 )	 ( 11 23 )	 ( 11 21 )	 ( 11 21 )	 ( 11 39 )	 ( 11 39 )	 ( 11 30 )	 ( 11 49 )	 ( 7 31 )	 ( 11 26 )	 ( 11 16 )	 ( 11 20 )	 ( 10 35 )	 ( 16 10 )	 ( 38 8 )	 ( 38 6 )	 ( 7 27 )	 ( 7 21 )	 ( 7 25 )	 ( 7 25 )	 ( 11 27 )
10	 ( 13 34 )	 ( 5 36 )	 ( 21 39 )	 ( 21 42 )	 ( 13 21 )	 ( 21 31 )	 ( 21 37 )	 ( 31 4 )	 ( 52 11 )	 ( 11 5 )	 ( 2147483647 0 )	 ( 31 5 )	 ( 30 6 )	 ( 30 13 )	 ( 10 19 )	 ( 30 15 )	 ( 13 22 )	 ( 10 14 )	 ( 10 22 )	 ( 11 12 )	 ( 27 9 )	 ( 26 6 )	 ( 11 12 )	 ( 17 6 )	 ( 31 22 )	 ( 30 21 )	 ( 30 21 )	 ( 30 23 )	 ( 21 42 )	 ( 21 43 )	 ( 21 35 )	 ( 21 44 )	 ( 21 40 )	 ( 21 42 )	 ( 21 35 )	 ( 25 22 )	 ( 21 33 )	 ( 11 36 )	 ( 21 28 )	 ( 5 26 )	 ( 30 19 )	 ( 17 44 )	 ( 21 43 )	 ( 21 24 )	 ( 21 36 )	 ( 21 16 )	 ( 21 18 )	 ( 7 22 )	 ( 16 29 )	 ( 11 20 )	 ( 21 32 )	 ( 45 12 )	 ( 27 21 )	 ( 13 24 )	 ( 10 21 )	 ( 17 42 )	 ( 11 42 )	 ( 21 33 )	 ( 17 52 )	 ( 7 36 )	 ( 21 29 )	 ( 30 19 )	 ( 30 22 )	 ( 10 38 )	 ( 11 15 )	 ( 11 13 )	 ( 11 11 )	 ( 7 32 )	 ( 7 26 )	 ( 7 30 )	 ( 7 30 )	 ( 21 30 )
11	 ( 13 31 )	 ( 5 33 )	 ( 21 36 )	 ( 21 39 )	 ( 13 18 )	 ( 21 28 )	 ( 21 34 )	 ( 54 1 )	 ( 32 9 )	 ( 11 2 )	 ( 31 5 )	 ( 2147483647 0 )	 ( 44 3 )	 ( 33 10 )	 ( 36 19 )	 ( 33 12 )	 ( 13 19 )	 ( 10 11 )	 ( 10 19 )	 ( 11 9 )	 ( 45 9 )	 ( 26 1 )	 ( 11 7 )	 ( 17 1 )	 ( 53 17 )	 ( 33 18 )	 ( 33 18 )	 ( 33 20 )	 ( 21 39 )	 ( 21 40 )	 ( 21 32 )	 ( 21 41 )	 ( 21 37 )	 ( 21 39 )	 ( 21 32 )	 ( 25 17 )	 ( 21 30 )	 ( 11 33 )	 ( 21 25 )	 ( 5 23 )	 ( 31 16 )	 ( 17 41 )	 ( 21 40 )	 ( 21 21 )	 ( 21 33 )	 ( 21 13 )	 ( 21 15 )	 ( 7 19 )	 ( 16 26 )	 ( 11 17 )	 ( 21 29 )	 ( 32 10 )	 ( 45 21 )	 ( 13 21 )	 ( 36 21 )	 ( 17 39 )	 ( 11 39 )	 ( 21 30 )	 ( 17 49 )	 ( 7 33 )	 ( 21 26 )	 ( 33 16 )	 ( 30 20 )	 ( 10 35 )	 ( 11 12 )	 ( 11 10 )	 ( 11 8 )	 ( 7 29 )	 ( 7 23 )	 ( 7 27 )	 ( 7 27 )	 ( 21 27 )
12	 ( 13 28 )	 ( 5 30 )	 ( 21 33 )	 ( 21 36 )	 ( 13 15 )	 ( 21 25 )	 ( 21 31 )	 ( 30 2 )	 ( 30 10 )	 ( 11 3 )	 ( 30 6 )	 ( 44 3 )	 ( 2147483647 0 )	 ( 33 7 )	 ( 30 20 )	 ( 33 9 )	 ( 13 16 )	 ( 10 12 )	 ( 10 20 )	 ( 11 10 )	 ( 44 12 )	 ( 26 4 )	 ( 11 10 )	 ( 17 4 )	 ( 44 20 )	 ( 33 15 )	 ( 33 15 )	 ( 33 17 )	 ( 21 36 )	 ( 21 37 )	 ( 21 29 )	 ( 21 38 )	 ( 21 34 )	 ( 21 36 )	 ( 21 29 )	 ( 25 20 )	 ( 21 27 )	 ( 11 30 )	 ( 21 22 )	 ( 5 20 )	 ( 31 13 )	 ( 17 38 )	 ( 21 37 )	 ( 21 18 )	 ( 21 30 )	 ( 21 10 )	 ( 21 12 )	 ( 7 20 )	 ( 16 23 )	 ( 11 18 )	 ( 21 26 )	 ( 30 11 )	 ( 44 24 )	 ( 13 18 )	 ( 33 22 )	 ( 17 36 )	 ( 11 36 )	 ( 21 27 )	 ( 17 46 )	 ( 21 31 )	 ( 21 23 )	 ( 33 13 )	 ( 30 21 )	 ( 10 32 )	 ( 11 13 )	 ( 11 11 )	 ( 11 9 )	 ( 12 28 )	 ( 7 24 )	 ( 19 26 )	 ( 7 28 )	 ( 21 24 )
13	 ( 13 21 )	 ( 5 23 )	 ( 21 26 )	 ( 21 29 )	 ( 13 8 )	 ( 21 18 )	 ( 21 24 )	 ( 30 9 )	 ( 30 17 )	 ( 11 10 )	 ( 30 13 )	 ( 33 10 )	 ( 33 7 )	 ( 2147483647 0 )	 ( 41 17 )	 ( 54 2 )	 ( 13 9 )	 ( 10 19 )	 ( 21 25 )	 ( 11 17 )	 ( 33 19 )	 ( 26 11 )	 ( 11 17 )	 ( 17 11 )	 ( 33 27 )	 ( 47 8 )	 ( 41 8 )	 ( 33 10 )	 ( 21 29 )	 ( 21 30 )	 ( 21 22 )	 ( 21 31 )	 ( 21 27 )	 ( 21 29 )	 ( 21 22 )	 ( 25 27 )	 ( 21 20 )	 ( 11 23 )	 ( 21 15 )	 ( 5 13 )	 ( 31 6 )	 ( 17 31 )	 ( 21 30 )	 ( 21 11 )	 ( 21 23 )	 ( 21 3 )	 ( 21 5 )	 ( 7 14 )	 ( 16 16 )	 ( 21 12 )	 ( 21 19 )	 ( 30 18 )	 ( 41 30 )	 ( 13 11 )	 ( 41 15 )	 ( 17 29 )	 ( 11 29 )	 ( 21 20 )	 ( 17 39 )	 ( 21 24 )	 ( 21 16 )	 ( 41 6 )	 ( 30 28 )	 ( 10 25 )	 ( 11 20 )	 ( 11 18 )	 ( 11 16 )	 ( 12 21 )	 ( 7 18 )	 ( 19 19 )	 ( 7 22 )	 ( 21 17 )
14	 ( 13 38 )	 ( 5 40 )	 ( 21 43 )	 ( 21 46 )	 ( 13 25 )	 ( 21 35 )	 ( 21 41 )	 ( 36 18 )	 ( 32 26 )	 ( 11 19 )	 ( 10 19 )	 ( 36 19 )	 ( 30 20 )	 ( 41 17 )	 ( 2147483647 0 )	 ( 41 19 )	 ( 13 26 )	 ( 10 28 )	 ( 10 36 )	 ( 11 26 )	 ( 10 10 )	 ( 26 20 )	 ( 10 24 )	 ( 17 20 )	 ( 36 36 )	 ( 41 25 )	 ( 41 13 )	 ( 33 27 )	 ( 21 46 )	 ( 21 47 )	 ( 21 39 )	 ( 21 48 )	 ( 21 44 )	 ( 21 46 )	 ( 21 39 )	 ( 25 36 )	 ( 21 37 )	 ( 11 40 )	 ( 21 32 )	 ( 5 30 )	 ( 31 23 )	 ( 17 48 )	 ( 21 47 )	 ( 21 28 )	 ( 21 40 )	 ( 21 20 )	 ( 21 22 )	 ( 7 31 )	 ( 16 33 )	 ( 21 29 )	 ( 21 36 )	 ( 32 27 )	 ( 46 13 )	 ( 5 13 )	 ( 41 2 )	 ( 17 46 )	 ( 11 46 )	 ( 21 37 )	 ( 17 56 )	 ( 21 41 )	 ( 21 33 )	 ( 41 11 )	 ( 30 37 )	 ( 10 42 )	 ( 11 29 )	 ( 11 27 )	 ( 11 25 )	 ( 12 38 )	 ( 7 35 )	 ( 19 36 )	 ( 7 39 )	 ( 21 34 )
15	 ( 30 23 )	 ( 5 25 )	 ( 21 28 )	 ( 21 31 )	 ( 30 10 )	 ( 21 20 )	 ( 21 26 )	 ( 30 11 )	 ( 30 19 )	 ( 11 12 )	 ( 30 15 )	 ( 33 12 )	 ( 33 9 )	 ( 54 2 )	 ( 41 19 )	 ( 2147483647 0 )	 ( 13 11 )	 ( 10 21 )	 ( 21 27 )	 ( 11 19 )	 ( 33 21 )	 ( 26 13 )	 ( 11 19 )	 ( 17 13 )	 ( 33 29 )	 ( 47 10 )	 ( 41 10 )	 ( 33 12 )	 ( 21 31 )	 ( 21 32 )	 ( 21 24 )	 ( 21 33 )	 ( 21 29 )	 ( 21 31 )	 ( 21 24 )	 ( 25 29 )	 ( 21 22 )	 ( 11 25 )	 ( 21 17 )	 ( 5 15 )	 ( 31 8 )	 ( 17 33 )	 ( 21 32 )	 ( 21 13 )	 ( 21 25 )	 ( 21 5 )	 ( 21 7 )	 ( 7 16 )	 ( 16 18 )	 ( 21 14 )	 ( 21 21 )	 ( 30 20 )	 ( 41 32 )	 ( 13 13 )	 ( 41 17 )	 ( 17 31 )	 ( 11 31 )	 ( 21 22 )	 ( 17 41 )	 ( 21 26 )	 ( 21 18 )	 ( 41 8 )	 ( 30 30 )	 ( 10 27 )	 ( 11 22 )	 ( 11 20 )	 ( 11 18 )	 ( 12 23 )	 ( 7 20 )	 ( 19 21 )	 ( 7 24 )	 ( 21 19 )
16	 ( 30 20 )	 ( 5 32 )	 ( 30 30 )	 ( 30 33 )	 ( 30 7 )	 ( 13 27 )	 ( 13 33 )	 ( 13 18 )	 ( 13 26 )	 ( 11 19 )	 ( 13 22 )	 ( 13 19 )	 ( 13 16 )	 ( 13 9 )	 ( 13 26 )	 ( 13 11 )	 ( 2147483647 0 )	 ( 10 28 )	 ( 13 34 )	 ( 11 26 )	 ( 13 28 )	 ( 13 20 )	 ( 11 26 )	 ( 13 20 )	 ( 13 36 )	 ( 17 8 )	 ( 13 17 )	 ( 13 19 )	 ( 13 38 )	 ( 30 34 )	 ( 13 31 )	 ( 13 40 )	 ( 13 36 )	 ( 13 38 )	 ( 13 31 )	 ( 13 36 )	 ( 13 29 )	 ( 11 32 )	 ( 13 24 )	 ( 30 22 )	 ( 13 9 )	 ( 17 36 )	 ( 13 39 )	 ( 13 20 )	 ( 13 32 )	 ( 13 12 )	 ( 13 14 )	 ( 7 23 )	 ( 13 25 )	 ( 13 21 )	 ( 13 28 )	 ( 13 27 )	 ( 13 39 )	 ( 13 20 )	 ( 13 24 )	 ( 13 38 )	 ( 11 38 )	 ( 13 29 )	 ( 17 44 )	 ( 13 33 )	 ( 13 25 )	 ( 13 15 )	 ( 13 37 )	 ( 10 34 )	 ( 11 29 )	 ( 11 27 )	 ( 11 25 )	 ( 12 30 )	 ( 7 27 )	 ( 13 28 )	 ( 7 31 )	 ( 13 26 )
17	 ( 10 40 )	 ( 5 34 )	 ( 17 35 )	 ( 25 32 )	 ( 10 27 )	 ( 25 21 )	 ( 25 27 )	 ( 10 10 )	 ( 10 18 )	 ( 10 9 )	 ( 10 14 )	 ( 10 11 )	 ( 10 12 )	 ( 10 19 )	 ( 10 28 )	 ( 10 21 )	 ( 10 28 )	 ( 2147483647 0 )	 ( 30 8 )	 ( 10 2 )	 ( 10 20 )	 ( 10 12 )	 ( 10 18 )	 ( 10 12 )	 ( 20 15 )	 ( 10 27 )	 ( 10 27 )	 ( 10 29 )	 ( 25 37 )	 ( 25 35 )	 ( 23 33 )	 ( 25 35 )	 ( 25 30 )	 ( 25 32 )	 ( 25 25 )	 ( 10 28 )	 ( 25 23 )	 ( 11 26 )	 ( 25 18 )	 ( 5 32 )	 ( 10 25 )	 ( 10 36 )	 ( 25 33 )	 ( 23 22 )	 ( 25 33 )	 ( 10 22 )	 ( 10 24 )	 ( 7 26 )	 ( 10 35 )	 ( 10 24 )	 ( 10 37 )	 ( 10 19 )	 ( 10 32 )	 ( 10 30 )	 ( 10 30 )	 ( 17 32 )	 ( 11 32 )	 ( 25 23 )	 ( 10 44 )	 ( 25 27 )	 ( 23 27 )	 ( 10 25 )	 ( 10 29 )	 ( 10 28 )	 ( 10 7 )	 ( 10 17 )	 ( 10 15 )	 ( 12 32 )	 ( 7 30 )	 ( 19 30 )	 ( 7 34 )	 ( 23 28 )
18	 ( 25 37 )	 ( 5 26 )	 ( 17 27 )	 ( 25 24 )	 ( 13 33 )	 ( 25 13 )	 ( 25 19 )	 ( 10 18 )	 ( 5 23 )	 ( 10 17 )	 ( 10 22 )	 ( 10 19 )	 ( 10 20 )	 ( 21 25 )	 ( 10 36 )	 ( 21 27 )	 ( 13 34 )	 ( 30 8 )	 ( 2147483647 0 )	 ( 10 10 )	 ( 10 28 )	 ( 10 20 )	 ( 10 26 )	 ( 10 20 )	 ( 20 7 )	 ( 21 33 )	 ( 21 33 )	 ( 21 35 )	 ( 25 29 )	 ( 25 27 )	 ( 23 25 )	 ( 25 27 )	 ( 25 22 )	 ( 25 24 )	 ( 25 17 )	 ( 10 36 )	 ( 25 15 )	 ( 11 18 )	 ( 25 10 )	 ( 5 32 )	 ( 21 31 )	 ( 10 28 )	 ( 25 25 )	 ( 23 14 )	 ( 25 25 )	 ( 23 22 )	 ( 23 20 )	 ( 7 29 )	 ( 16 31 )	 ( 21 27 )	 ( 23 34 )	 ( 5 22 )	 ( 10 40 )	 ( 13 36 )	 ( 10 38 )	 ( 17 24 )	 ( 11 24 )	 ( 25 15 )	 ( 10 36 )	 ( 25 19 )	 ( 23 19 )	 ( 21 31 )	 ( 5 32 )	 ( 10 20 )	 ( 10 15 )	 ( 10 25 )	 ( 10 23 )	 ( 12 24 )	 ( 7 33 )	 ( 19 22 )	 ( 23 31 )	 ( 23 20 )
19	 ( 11 38 )	 ( 5 36 )	 ( 10 37 )	 ( 10 34 )	 ( 11 25 )	 ( 10 23 )	 ( 10 29 )	 ( 11 8 )	 ( 11 16 )	 ( 21 7 )	 ( 11 12 )	 ( 11 9 )	 ( 11 10 )	 ( 11 17 )	 ( 11 26 )	 ( 11 19 )	 ( 11 26 )	 ( 10 2 )	 ( 10 10 )	 ( 2147483647 0 )	 ( 11 18 )	 ( 11 10 )	 ( 11 16 )	 ( 11 10 )	 ( 10 17 )	 ( 11 25 )	 ( 11 25 )	 ( 11 27 )	 ( 10 39 )	 ( 10 37 )	 ( 10 35 )	 ( 10 37 )	 ( 10 32 )	 ( 10 34 )	 ( 10 27 )	 ( 11 26 )	 ( 10 25 )	 ( 10 28 )	 ( 10 20 )	 ( 5 30 )	 ( 11 23 )	 ( 10 38 )	 ( 10 35 )	 ( 10 24 )	 ( 10 35 )	 ( 11 20 )	 ( 11 22 )	 ( 7 24 )	 ( 11 33 )	 ( 21 22 )	 ( 18 35 )	 ( 11 17 )	 ( 11 30 )	 ( 11 28 )	 ( 11 28 )	 ( 10 34 )	 ( 10 34 )	 ( 10 25 )	 ( 10 46 )	 ( 10 29 )	 ( 10 29 )	 ( 11 23 )	 ( 11 27 )	 ( 10 30 )	 ( 43 5 )	 ( 21 15 )	 ( 21 13 )	 ( 10 34 )	 ( 7 28 )	 ( 10 32 )	 ( 7 32 )	 ( 10 30 )
20	 ( 13 40 )	 ( 5 42 )	 ( 21 45 )	 ( 21 48 )	 ( 13 27 )	 ( 21 37 )	 ( 21 43 )	 ( 45 10 )	 ( 32 18 )	 ( 11 11 )	 ( 27 9 )	 ( 45 9 )	 ( 44 12 )	 ( 33 19 )	 ( 10 10 )	 ( 33 21 )	 ( 13 28 )	 ( 10 20 )	 ( 10 28 )	 ( 11 18 )	 ( 2147483647 0 )	 ( 26 10 )	 ( 16 14 )	 ( 17 10 )	 ( 45 26 )	 ( 33 27 )	 ( 10 23 )	 ( 33 29 )	 ( 21 48 )	 ( 21 49 )	 ( 21 41 )	 ( 21 50 )	 ( 21 46 )	 ( 21 48 )	 ( 21 41 )	 ( 25 26 )	 ( 21 39 )	 ( 11 42 )	 ( 21 34 )	 ( 5 32 )	 ( 31 25 )	 ( 17 50 )	 ( 21 49 )	 ( 21 30 )	 ( 21 42 )	 ( 21 22 )	 ( 21 24 )	 ( 7 28 )	 ( 16 35 )	 ( 11 26 )	 ( 21 38 )	 ( 32 19 )	 ( 53 12 )	 ( 5 23 )	 ( 10 12 )	 ( 17 48 )	 ( 11 48 )	 ( 21 39 )	 ( 17 58 )	 ( 7 42 )	 ( 21 35 )	 ( 10 21 )	 ( 30 29 )	 ( 10 44 )	 ( 11 21 )	 ( 11 19 )	 ( 11 17 )	 ( 7 38 )	 ( 7 32 )	 ( 7 36 )	 ( 7 36 )	 ( 21 36 )
21	 ( 13 32 )	 ( 5 34 )	 ( 21 37 )	 ( 21 40 )	 ( 13 19 )	 ( 21 29 )	 ( 21 35 )	 ( 26 2 )	 ( 26 10 )	 ( 11 3 )	 ( 26 6 )	 ( 26 1 )	 ( 26 4 )	 ( 26 11 )	 ( 26 20 )	 ( 26 13 )	 ( 13 20 )	 ( 10 12 )	 ( 10 20 )	 ( 11 10 )	 ( 26 10 )	 ( 2147483647 0 )	 ( 11 8 )	 ( 17 2 )	 ( 26 18 )	 ( 26 19 )	 ( 26 19 )	 ( 26 21 )	 ( 21 40 )	 ( 21 41 )	 ( 21 33 )	 ( 21 42 )	 ( 21 38 )	 ( 21 40 )	 ( 21 33 )	 ( 25 16 )	 ( 21 31 )	 ( 11 34 )	 ( 21 26 )	 ( 5 24 )	 ( 26 17 )	 ( 17 42 )	 ( 21 41 )	 ( 21 22 )	 ( 21 34 )	 ( 21 14 )	 ( 21 16 )	 ( 7 20 )	 ( 16 27 )	 ( 11 18 )	 ( 21 30 )	 ( 26 11 )	 ( 26 22 )	 ( 13 22 )	 ( 26 22 )	 ( 17 40 )	 ( 11 40 )	 ( 21 31 )	 ( 17 50 )	 ( 7 34 )	 ( 21 27 )	 ( 26 17 )	 ( 26 21 )	 ( 10 36 )	 ( 11 13 )	 ( 11 11 )	 ( 11 9 )	 ( 7 30 )	 ( 7 24 )	 ( 7 28 )	 ( 7 28 )	 ( 21 28 )
22	 ( 11 38 )	 ( 5 40 )	 ( 11 43 )	 ( 11 46 )	 ( 11 25 )	 ( 11 35 )	 ( 11 41 )	 ( 11 8 )	 ( 11 16 )	 ( 11 9 )	 ( 11 12 )	 ( 11 7 )	 ( 11 10 )	 ( 11 17 )	 ( 10 24 )	 ( 11 19 )	 ( 11 26 )	 ( 10 18 )	 ( 10 26 )	 ( 11 16 )	 ( 16 14 )	 ( 11 8 )	 ( 2147483647 0 )	 ( 11 8 )	 ( 11 24 )	 ( 11 25 )	 ( 11 25 )	 ( 11 27 )	 ( 11 46 )	 ( 11 47 )	 ( 11 39 )	 ( 11 48 )	 ( 11 44 )	 ( 11 46 )	 ( 11 39 )	 ( 49 18 )	 ( 11 37 )	 ( 11 40 )	 ( 11 32 )	 ( 5 30 )	 ( 11 23 )	 ( 11 48 )	 ( 11 47 )	 ( 11 28 )	 ( 11 40 )	 ( 11 20 )	 ( 11 22 )	 ( 7 26 )	 ( 11 33 )	 ( 11 24 )	 ( 11 36 )	 ( 11 17 )	 ( 16 26 )	 ( 11 28 )	 ( 10 26 )	 ( 11 46 )	 ( 11 46 )	 ( 11 37 )	 ( 11 56 )	 ( 7 40 )	 ( 11 33 )	 ( 11 23 )	 ( 11 27 )	 ( 10 42 )	 ( 11 19 )	 ( 11 17 )	 ( 11 15 )	 ( 7 36 )	 ( 7 30 )	 ( 7 34 )	 ( 7 34 )	 ( 11 34 )
23	 ( 13 32 )	 ( 5 34 )	 ( 17 37 )	 ( 17 40 )	 ( 13 19 )	 ( 17 29 )	 ( 17 35 )	 ( 17 2 )	 ( 17 10 )	 ( 11 3 )	 ( 17 6 )	 ( 17 1 )	 ( 17 4 )	 ( 17 11 )	 ( 17 20 )	 ( 17 13 )	 ( 13 20 )	 ( 10 12 )	 ( 10 20 )	 ( 11 10 )	 ( 17 10 )	 ( 17 2 )	 ( 11 8 )	 ( 2147483647 0 )	 ( 17 18 )	 ( 17 19 )	 ( 17 19 )	 ( 17 21 )	 ( 17 40 )	 ( 17 41 )	 ( 17 33 )	 ( 17 42 )	 ( 17 38 )	 ( 17 40 )	 ( 17 33 )	 ( 17 18 )	 ( 17 31 )	 ( 11 34 )	 ( 17 26 )	 ( 5 24 )	 ( 17 17 )	 ( 17 42 )	 ( 17 41 )	 ( 17 22 )	 ( 17 34 )	 ( 17 14 )	 ( 17 16 )	 ( 7 20 )	 ( 16 27 )	 ( 11 18 )	 ( 17 30 )	 ( 17 11 )	 ( 17 22 )	 ( 13 22 )	 ( 17 22 )	 ( 17 40 )	 ( 11 40 )	 ( 17 31 )	 ( 17 50 )	 ( 7 34 )	 ( 17 27 )	 ( 17 17 )	 ( 17 21 )	 ( 10 36 )	 ( 11 13 )	 ( 11 11 )	 ( 11 9 )	 ( 7 30 )	 ( 7 24 )	 ( 7 28 )	 ( 7 28 )	 ( 17 28 )
24	 ( 20 44 )	 ( 5 33 )	 ( 17 34 )	 ( 20 31 )	 ( 13 35 )	 ( 20 20 )	 ( 20 26 )	 ( 53 18 )	 ( 5 16 )	 ( 11 19 )	 ( 31 22 )	 ( 53 17 )	 ( 44 20 )	 ( 33 27 )	 ( 36 36 )	 ( 33 29 )	 ( 13 36 )	 ( 20 15 )	 ( 20 7 )	 ( 10 17 )	 ( 45 26 )	 ( 26 18 )	 ( 11 24 )	 ( 17 18 )	 ( 2147483647 0 )	 ( 33 35 )	 ( 33 35 )	 ( 33 37 )	 ( 20 36 )	 ( 20 34 )	 ( 20 32 )	 ( 20 34 )	 ( 20 29 )	 ( 20 31 )	 ( 20 24 )	 ( 25 34 )	 ( 20 22 )	 ( 11 25 )	 ( 20 17 )	 ( 5 39 )	 ( 31 33 )	 ( 10 35 )	 ( 20 32 )	 ( 20 21 )	 ( 20 32 )	 ( 20 29 )	 ( 20 27 )	 ( 7 36 )	 ( 16 38 )	 ( 20 34 )	 ( 20 41 )	 ( 5 15 )	 ( 45 38 )	 ( 13 38 )	 ( 36 38 )	 ( 17 31 )	 ( 11 31 )	 ( 20 22 )	 ( 10 43 )	 ( 20 26 )	 ( 20 26 )	 ( 33 33 )	 ( 5 25 )	 ( 10 27 )	 ( 10 22 )	 ( 5 24 )	 ( 11 25 )	 ( 12 31 )	 ( 7 40 )	 ( 19 29 )	 ( 20 38 )	 ( 20 27 )
25	 ( 17 28 )	 ( 5 31 )	 ( 21 34 )	 ( 21 37 )	 ( 17 15 )	 ( 21 26 )	 ( 21 32 )	 ( 30 17 )	 ( 30 25 )	 ( 11 18 )	 ( 30 21 )	 ( 33 18 )	 ( 33 15 )	 ( 47 8 )	 ( 41 25 )	 ( 47 10 )	 ( 17 8 )	 ( 10 27 )	 ( 21 33 )	 ( 11 25 )	 ( 33 27 )	 ( 26 19 )	 ( 11 25 )	 ( 17 19 )	 ( 33 35 )	 ( 2147483647 0 )	 ( 41 16 )	 ( 33 18 )	 ( 21 37 )	 ( 21 38 )	 ( 21 30 )	 ( 21 39 )	 ( 21 35 )	 ( 21 37 )	 ( 21 30 )	 ( 25 35 )	 ( 21 28 )	 ( 11 31 )	 ( 21 23 )	 ( 5 21 )	 ( 31 14 )	 ( 17 39 )	 ( 21 38 )	 ( 21 19 )	 ( 21 31 )	 ( 21 11 )	 ( 21 13 )	 ( 7 22 )	 ( 16 24 )	 ( 21 20 )	 ( 21 27 )	 ( 30 26 )	 ( 41 38 )	 ( 13 19 )	 ( 41 23 )	 ( 17 37 )	 ( 11 37 )	 ( 21 28 )	 ( 17 47 )	 ( 21 32 )	 ( 21 24 )	 ( 41 14 )	 ( 30 36 )	 ( 10 33 )	 ( 11 28 )	 ( 11 26 )	 ( 11 24 )	 ( 12 29 )	 ( 7 26 )	 ( 19 27 )	 ( 7 30 )	 ( 21 25 )
26	 ( 13 29 )	 ( 5 31 )	 ( 21 34 )	 ( 21 37 )	 ( 13 16 )	 ( 21 26 )	 ( 21 32 )	 ( 30 17 )	 ( 30 25 )	 ( 11 18 )	 ( 30 21 )	 ( 33 18 )	 ( 33 15 )	 ( 41 8 )	 ( 41 13 )	 ( 41 10 )	 ( 13 17 )	 ( 10 27 )	 ( 21 33 )	 ( 11 25 )	 ( 10 23 )	 ( 26 19 )	 ( 11 25 )	 ( 17 19 )	 ( 33 35 )	 ( 41 16 )	 ( 2147483647 0 )	 ( 33 18 )	 ( 21 37 )	 ( 21 38 )	 ( 21 30 )	 ( 21 39 )	 ( 21 35 )	 ( 21 37 )	 ( 21 30 )	 ( 25 35 )	 ( 21 28 )	 ( 11 31 )	 ( 21 23 )	 ( 5 21 )	 ( 31 14 )	 ( 17 39 )	 ( 21 38 )	 ( 21 19 )	 ( 21 31 )	 ( 21 11 )	 ( 21 13 )	 ( 7 22 )	 ( 16 24 )	 ( 21 20 )	 ( 21 27 )	 ( 30 26 )	 ( 41 26 )	 ( 13 3 )	 ( 41 11 )	 ( 17 37 )	 ( 11 37 )	 ( 21 28 )	 ( 17 47 )	 ( 21 32 )	 ( 21 24 )	 ( 44 2 )	 ( 30 36 )	 ( 10 33 )	 ( 11 28 )	 ( 11 26 )	 ( 11 24 )	 ( 12 29 )	 ( 7 26 )	 ( 19 27 )	 ( 7 30 )	 ( 21 25 )
27	 ( 32 29 )	 ( 5 33 )	 ( 21 36 )	 ( 21 39 )	 ( 32 16 )	 ( 21 28 )	 ( 21 34 )	 ( 30 19 )	 ( 30 27 )	 ( 11 20 )	 ( 30 23 )	 ( 33 20 )	 ( 33 17 )	 ( 33 10 )	 ( 33 27 )	 ( 33 12 )	 ( 13 19 )	 ( 10 29 )	 ( 21 35 )	 ( 11 27 )	 ( 33 29 )	 ( 26 21 )	 ( 11 27 )	 ( 17 21 )	 ( 33 37 )	 ( 33 18 )	 ( 33 18 )	 ( 2147483647 0 )	 ( 21 39 )	 ( 21 40 )	 ( 21 32 )	 ( 21 41 )	 ( 21 37 )	 ( 21 39 )	 ( 21 32 )	 ( 25 37 )	 ( 21 30 )	 ( 11 33 )	 ( 21 25 )	 ( 5 23 )	 ( 31 16 )	 ( 17 41 )	 ( 21 40 )	 ( 21 21 )	 ( 21 33 )	 ( 21 13 )	 ( 21 15 )	 ( 7 24 )	 ( 16 26 )	 ( 21 22 )	 ( 21 29 )	 ( 30 28 )	 ( 33 40 )	 ( 13 21 )	 ( 33 25 )	 ( 17 39 )	 ( 11 39 )	 ( 21 30 )	 ( 17 49 )	 ( 21 34 )	 ( 21 26 )	 ( 33 16 )	 ( 30 38 )	 ( 10 35 )	 ( 11 30 )	 ( 11 28 )	 ( 11 26 )	 ( 12 31 )	 ( 7 28 )	 ( 19 29 )	 ( 7 32 )	 ( 21 27 )
28	 ( 33 20 )	 ( 37 18 )	 ( 33 10 )	 ( 17 13 )	 ( 33 33 )	 ( 46 16 )	 ( 14 17 )	 ( 21 38 )	 ( 21 46 )	 ( 11 39 )	 ( 21 42 )	 ( 21 39 )	 ( 21 36 )	 ( 21 29 )	 ( 21 46 )	 ( 21 31 )	 ( 13 38 )	 ( 25 37 )	 ( 25 29 )	 ( 10 39 )	 ( 21 48 )	 ( 21 40 )	 ( 11 46 )	 ( 17 40 )	 ( 20 36 )	 ( 21 37 )	 ( 21 37 )	 ( 21 39 )	 ( 2147483647 0 )	 ( 49 6 )	 ( 37 7 )	 ( 46 2 )	 ( 14 10 )	 ( 14 22 )	 ( 14 15 )	 ( 21 56 )	 ( 32 24 )	 ( 11 27 )	 ( 45 19 )	 ( 5 36 )	 ( 21 35 )	 ( 17 8 )	 ( 37 21 )	 ( 37 18 )	 ( 10 13 )	 ( 37 26 )	 ( 37 24 )	 ( 10 31 )	 ( 16 35 )	 ( 21 31 )	 ( 26 38 )	 ( 21 47 )	 ( 21 59 )	 ( 13 40 )	 ( 21 44 )	 ( 17 27 )	 ( 11 27 )	 ( 46 18 )	 ( 17 16 )	 ( 27 22 )	 ( 10 20 )	 ( 21 35 )	 ( 21 57 )	 ( 17 16 )	 ( 10 44 )	 ( 11 47 )	 ( 11 45 )	 ( 10 25 )	 ( 10 35 )	 ( 10 23 )	 ( 10 32 )	 ( 37 24 )
29	 ( 33 14 )	 ( 10 12 )	 ( 33 4 )	 ( 17 7 )	 ( 33 27 )	 ( 27 14 )	 ( 10 15 )	 ( 21 39 )	 ( 21 47 )	 ( 11 40 )	 ( 21 43 )	 ( 21 40 )	 ( 21 37 )	 ( 21 30 )	 ( 21 47 )	 ( 21 32 )	 ( 30 34 )	 ( 25 35 )	 ( 25 27 )	 ( 10 37 )	 ( 21 49 )	 ( 21 41 )	 ( 11 47 )	 ( 17 41 )	 ( 20 34 )	 ( 21 38 )	 ( 21 38 )	 ( 21 40 )	 ( 49 6 )	 ( 2147483647 0 )	 ( 37 13 )	 ( 46 8 )	 ( 14 16 )	 ( 10 20 )	 ( 10 17 )	 ( 21 57 )	 ( 27 22 )	 ( 11 25 )	 ( 27 17 )	 ( 5 37 )	 ( 13 29 )	 ( 17 2 )	 ( 10 21 )	 ( 33 19 )	 ( 10 7 )	 ( 33 27 )	 ( 33 25 )	 ( 10 25 )	 ( 16 36 )	 ( 7 27 )	 ( 26 39 )	 ( 21 48 )	 ( 21 60 )	 ( 13 41 )	 ( 21 45 )	 ( 17 25 )	 ( 11 25 )	 ( 27 16 )	 ( 17 10 )	 ( 27 20 )	 ( 10 14 )	 ( 21 36 )	 ( 21 58 )	 ( 17 10 )	 ( 10 42 )	 ( 11 48 )	 ( 11 46 )	 ( 10 19 )	 ( 10 29 )	 ( 10 17 )	 ( 10 26 )	 ( 33 25 )
30	 ( 28 24 )	 ( 42 11 )	 ( 33 17 )	 ( 17 20 )	 ( 13 30 )	 ( 23 18 )	 ( 38 20 )	 ( 21 31 )	 ( 21 39 )	 ( 11 32 )	 ( 21 35 )	 ( 21 32 )	 ( 21 29 )	 ( 21 22 )	 ( 21 39 )	 ( 21 24 )	 ( 13 31 )	 ( 23 33 )	 ( 23 25 )	 ( 10 35 )	 ( 21 41 )	 ( 21 33 )	 ( 11 39 )	 ( 17 33 )	 ( 20 32 )	 ( 21 30 )	 ( 21 30 )	 ( 21 32 )	 ( 37 7 )	 ( 37 13 )	 ( 2147483647 0 )	 ( 37 9 )	 ( 14 17 )	 ( 38 25 )	 ( 30 22 )	 ( 21 49 )	 ( 23 20 )	 ( 11 23 )	 ( 23 15 )	 ( 5 29 )	 ( 21 28 )	 ( 17 15 )	 ( 43 14 )	 ( 46 11 )	 ( 27 16 )	 ( 46 19 )	 ( 46 17 )	 ( 7 26 )	 ( 16 28 )	 ( 21 24 )	 ( 26 31 )	 ( 21 40 )	 ( 21 52 )	 ( 13 33 )	 ( 21 37 )	 ( 17 29 )	 ( 11 29 )	 ( 23 20 )	 ( 17 23 )	 ( 23 24 )	 ( 46 16 )	 ( 21 28 )	 ( 21 50 )	 ( 17 23 )	 ( 10 40 )	 ( 11 40 )	 ( 11 38 )	 ( 12 21 )	 ( 7 30 )	 ( 19 19 )	 ( 31 28 )	 ( 46 17 )
31	 ( 33 22 )	 ( 37 20 )	 ( 33 12 )	 ( 17 15 )	 ( 33 35 )	 ( 48 14 )	 ( 14 19 )	 ( 21 40 )	 ( 21 48 )	 ( 11 41 )	 ( 21 44 )	 ( 21 41 )	 ( 21 38 )	 ( 21 31 )	 ( 21 48 )	 ( 21 33 )	 ( 13 40 )	 ( 25 35 )	 ( 25 27 )	 ( 10 37 )	 ( 21 50 )	 ( 21 42 )	 ( 11 48 )	 ( 17 42 )	 ( 20 34 )	 ( 21 39 )	 ( 21 39 )	 ( 21 41 )	 ( 46 2 )	 ( 46 8 )	 ( 37 9 )	 ( 2147483647 0 )	 ( 14 12 )	 ( 14 24 )	 ( 14 17 )	 ( 21 58 )	 ( 32 22 )	 ( 11 25 )	 ( 45 17 )	 ( 5 38 )	 ( 21 37 )	 ( 17 10 )	 ( 37 23 )	 ( 37 20 )	 ( 10 15 )	 ( 37 28 )	 ( 37 26 )	 ( 10 33 )	 ( 16 37 )	 ( 21 33 )	 ( 26 40 )	 ( 21 49 )	 ( 21 61 )	 ( 13 42 )	 ( 21 46 )	 ( 17 25 )	 ( 11 25 )	 ( 48 16 )	 ( 34 18 )	 ( 27 20 )	 ( 10 22 )	 ( 21 37 )	 ( 21 59 )	 ( 17 18 )	 ( 10 42 )	 ( 11 49 )	 ( 11 47 )	 ( 10 27 )	 ( 10 37 )	 ( 10 25 )	 ( 10 34 )	 ( 37 26 )
32	 ( 10 28 )	 ( 39 23 )	 ( 10 18 )	 ( 10 15 )	 ( 13 35 )	 ( 44 9 )	 ( 30 7 )	 ( 21 36 )	 ( 21 44 )	 ( 11 37 )	 ( 21 40 )	 ( 21 37 )	 ( 21 34 )	 ( 21 27 )	 ( 21 44 )	 ( 21 29 )	 ( 13 36 )	 ( 25 30 )	 ( 25 22 )	 ( 10 32 )	 ( 21 46 )	 ( 21 38 )	 ( 11 44 )	 ( 17 38 )	 ( 20 29 )	 ( 21 35 )	 ( 21 35 )	 ( 21 37 )	 ( 14 10 )	 ( 14 16 )	 ( 14 17 )	 ( 14 12 )	 ( 2147483647 0 )	 ( 30 12 )	 ( 51 5 )	 ( 21 54 )	 ( 32 17 )	 ( 11 20 )	 ( 44 12 )	 ( 5 34 )	 ( 21 33 )	 ( 14 18 )	 ( 30 13 )	 ( 23 16 )	 ( 30 19 )	 ( 23 24 )	 ( 23 22 )	 ( 13 29 )	 ( 16 33 )	 ( 21 29 )	 ( 23 36 )	 ( 5 44 )	 ( 21 57 )	 ( 13 38 )	 ( 21 42 )	 ( 17 20 )	 ( 11 20 )	 ( 44 11 )	 ( 14 26 )	 ( 27 15 )	 ( 23 21 )	 ( 21 33 )	 ( 5 54 )	 ( 10 22 )	 ( 10 37 )	 ( 11 45 )	 ( 11 43 )	 ( 12 26 )	 ( 13 33 )	 ( 19 24 )	 ( 23 33 )	 ( 23 22 )
33	 ( 10 26 )	 ( 27 22 )	 ( 10 16 )	 ( 10 13 )	 ( 13 37 )	 ( 30 11 )	 ( 43 5 )	 ( 21 38 )	 ( 21 46 )	 ( 11 39 )	 ( 21 42 )	 ( 21 39 )	 ( 21 36 )	 ( 21 29 )	 ( 21 46 )	 ( 21 31 )	 ( 13 38 )	 ( 25 32 )	 ( 25 24 )	 ( 10 34 )	 ( 21 48 )	 ( 21 40 )	 ( 11 46 )	 ( 17 40 )	 ( 20 31 )	 ( 21 37 )	 ( 21 37 )	 ( 21 39 )	 ( 14 22 )	 ( 10 20 )	 ( 38 25 )	 ( 14 24 )	 ( 30 12 )	 ( 2147483647 0 )	 ( 30 7 )	 ( 21 56 )	 ( 30 19 )	 ( 11 22 )	 ( 30 14 )	 ( 5 36 )	 ( 21 35 )	 ( 10 22 )	 ( 38 11 )	 ( 23 18 )	 ( 43 17 )	 ( 23 26 )	 ( 23 24 )	 ( 13 31 )	 ( 16 35 )	 ( 21 31 )	 ( 23 38 )	 ( 5 46 )	 ( 21 59 )	 ( 13 40 )	 ( 21 44 )	 ( 17 22 )	 ( 11 22 )	 ( 30 13 )	 ( 10 30 )	 ( 27 17 )	 ( 23 23 )	 ( 21 35 )	 ( 5 56 )	 ( 10 24 )	 ( 10 39 )	 ( 11 47 )	 ( 11 45 )	 ( 12 28 )	 ( 13 35 )	 ( 19 26 )	 ( 23 35 )	 ( 23 24 )
34	 ( 10 23 )	 ( 39 18 )	 ( 10 13 )	 ( 10 10 )	 ( 13 30 )	 ( 44 4 )	 ( 30 2 )	 ( 21 31 )	 ( 21 39 )	 ( 11 32 )	 ( 21 35 )	 ( 21 32 )	 ( 21 29 )	 ( 21 22 )	 ( 21 39 )	 ( 21 24 )	 ( 13 31 )	 ( 25 25 )	 ( 25 17 )	 ( 10 27 )	 ( 21 41 )	 ( 21 33 )	 ( 11 39 )	 ( 17 33 )	 ( 20 24 )	 ( 21 30 )	 ( 21 30 )	 ( 21 32 )	 ( 14 15 )	 ( 10 17 )	 ( 30 22 )	 ( 14 17 )	 ( 51 5 )	 ( 30 7 )	 ( 2147483647 0 )	 ( 21 49 )	 ( 32 12 )	 ( 11 15 )	 ( 44 7 )	 ( 5 29 )	 ( 21 28 )	 ( 10 19 )	 ( 30 8 )	 ( 23 11 )	 ( 30 14 )	 ( 23 19 )	 ( 23 17 )	 ( 13 24 )	 ( 16 28 )	 ( 21 24 )	 ( 23 31 )	 ( 5 39 )	 ( 21 52 )	 ( 13 33 )	 ( 21 37 )	 ( 17 15 )	 ( 11 15 )	 ( 44 6 )	 ( 10 27 )	 ( 27 10 )	 ( 23 16 )	 ( 21 28 )	 ( 5 49 )	 ( 10 17 )	 ( 10 32 )	 ( 11 40 )	 ( 11 38 )	 ( 12 21 )	 ( 13 28 )	 ( 19 19 )	 ( 23 28 )	 ( 23 17 )
35	 ( 13 48 )	 ( 5 50 )	 ( 21 53 )	 ( 21 56 )	 ( 13 35 )	 ( 21 45 )	 ( 21 51 )	 ( 25 18 )	 ( 25 26 )	 ( 11 19 )	 ( 25 22 )	 ( 25 17 )	 ( 25 20 )	 ( 25 27 )	 ( 25 36 )	 ( 25 29 )	 ( 13 36 )	 ( 10 28 )	 ( 10 36 )	 ( 11 26 )	 ( 25 26 )	 ( 25 16 )	 ( 49 18 )	 ( 17 18 )	 ( 25 34 )	 ( 25 35 )	 ( 25 35 )	 ( 25 37 )	 ( 21 56 )	 ( 21 57 )	 ( 21 49 )	 ( 21 58 )	 ( 21 54 )	 ( 21 56 )	 ( 21 49 )	 ( 2147483647 0 )	 ( 21 47 )	 ( 11 50 )	 ( 21 42 )	 ( 5 40 )	 ( 25 33 )	 ( 17 58 )	 ( 21 57 )	 ( 21 38 )	 ( 21 50 )	 ( 21 30 )	 ( 21 32 )	 ( 7 36 )	 ( 16 43 )	 ( 11 34 )	 ( 21 46 )	 ( 25 27 )	 ( 25 38 )	 ( 13 38 )	 ( 25 38 )	 ( 17 56 )	 ( 11 56 )	 ( 21 47 )	 ( 17 66 )	 ( 7 50 )	 ( 21 43 )	 ( 25 33 )	 ( 25 37 )	 ( 10 52 )	 ( 11 29 )	 ( 11 27 )	 ( 11 25 )	 ( 7 46 )	 ( 7 40 )	 ( 7 44 )	 ( 7 44 )	 ( 21 44 )
36	 ( 32 32 )	 ( 5 21 )	 ( 17 22 )	 ( 32 19 )	 ( 13 28 )	 ( 32 8 )	 ( 30 14 )	 ( 21 29 )	 ( 21 37 )	 ( 11 30 )	 ( 21 33 )	 ( 21 30 )	 ( 21 27 )	 ( 21 20 )	 ( 21 37 )	 ( 21 22 )	 ( 13 29 )	 ( 25 23 )	 ( 25 15 )	 ( 10 25 )	 ( 21 39 )	 ( 21 31 )	 ( 11 37 )	 ( 17 31 )	 ( 20 22 )	 ( 21 28 )	 ( 21 28 )	 ( 21 30 )	 ( 32 24 )	 ( 27 22 )	 ( 23 20 )	 ( 32 22 )	 ( 32 17 )	 ( 30 19 )	 ( 32 12 )	 ( 21 47 )	 ( 2147483647 0 )	 ( 11 3 )	 ( 32 5 )	 ( 17 18 )	 ( 21 26 )	 ( 10 23 )	 ( 30 20 )	 ( 23 9 )	 ( 32 20 )	 ( 23 17 )	 ( 23 15 )	 ( 7 24 )	 ( 16 26 )	 ( 21 22 )	 ( 23 29 )	 ( 5 37 )	 ( 21 50 )	 ( 13 31 )	 ( 21 35 )	 ( 17 19 )	 ( 11 19 )	 ( 32 10 )	 ( 10 31 )	 ( 27 14 )	 ( 23 14 )	 ( 21 26 )	 ( 5 47 )	 ( 10 15 )	 ( 10 30 )	 ( 11 38 )	 ( 11 36 )	 ( 12 19 )	 ( 7 28 )	 ( 19 17 )	 ( 23 26 )	 ( 23 15 )
37	 ( 11 35 )	 ( 5 24 )	 ( 11 25 )	 ( 11 22 )	 ( 11 31 )	 ( 11 11 )	 ( 11 17 )	 ( 11 32 )	 ( 11 40 )	 ( 11 33 )	 ( 11 36 )	 ( 11 33 )	 ( 11 30 )	 ( 11 23 )	 ( 11 40 )	 ( 11 25 )	 ( 11 32 )	 ( 11 26 )	 ( 11 18 )	 ( 10 28 )	 ( 11 42 )	 ( 11 34 )	 ( 11 40 )	 ( 11 34 )	 ( 11 25 )	 ( 11 31 )	 ( 11 31 )	 ( 11 33 )	 ( 11 27 )	 ( 11 25 )	 ( 11 23 )	 ( 11 25 )	 ( 11 20 )	 ( 11 22 )	 ( 11 15 )	 ( 11 50 )	 ( 11 3 )	 ( 2147483647 0 )	 ( 11 8 )	 ( 25 18 )	 ( 11 29 )	 ( 10 26 )	 ( 11 23 )	 ( 11 12 )	 ( 11 23 )	 ( 11 20 )	 ( 11 18 )	 ( 7 27 )	 ( 11 29 )	 ( 11 25 )	 ( 11 32 )	 ( 5 40 )	 ( 11 53 )	 ( 11 34 )	 ( 11 38 )	 ( 11 22 )	 ( 11 22 )	 ( 11 13 )	 ( 10 34 )	 ( 11 17 )	 ( 11 17 )	 ( 11 29 )	 ( 5 50 )	 ( 10 18 )	 ( 10 33 )	 ( 11 41 )	 ( 11 39 )	 ( 11 22 )	 ( 7 31 )	 ( 11 20 )	 ( 11 29 )	 ( 11 18 )
38	 ( 38 27 )	 ( 5 16 )	 ( 17 17 )	 ( 45 14 )	 ( 13 23 )	 ( 45 3 )	 ( 30 9 )	 ( 21 24 )	 ( 21 32 )	 ( 11 25 )	 ( 21 28 )	 ( 21 25 )	 ( 21 22 )	 ( 21 15 )	 ( 21 32 )	 ( 21 17 )	 ( 13 24 )	 ( 25 18 )	 ( 25 10 )	 ( 10 20 )	 ( 21 34 )	 ( 21 26 )	 ( 11 32 )	 ( 17 26 )	 ( 20 17 )	 ( 21 23 )	 ( 21 23 )	 ( 21 25 )	 ( 45 19 )	 ( 27 17 )	 ( 23 15 )	 ( 45 17 )	 ( 44 12 )	 ( 30 14 )	 ( 44 7 )	 ( 21 42 )	 ( 32 5 )	 ( 11 8 )	 ( 2147483647 0 )	 ( 5 22 )	 ( 21 21 )	 ( 10 18 )	 ( 30 15 )	 ( 23 4 )	 ( 43 15 )	 ( 23 12 )	 ( 23 10 )	 ( 7 19 )	 ( 16 21 )	 ( 21 17 )	 ( 23 24 )	 ( 5 32 )	 ( 21 45 )	 ( 13 26 )	 ( 21 30 )	 ( 17 14 )	 ( 11 14 )	 ( 45 5 )	 ( 10 26 )	 ( 27 9 )	 ( 23 9 )	 ( 21 21 )	 ( 5 42 )	 ( 10 10 )	 ( 10 25 )	 ( 11 33 )	 ( 11 31 )	 ( 12 14 )	 ( 7 23 )	 ( 19 12 )	 ( 23 21 )	 ( 23 10 )
39	 ( 35 28 )	 ( 5 30 )	 ( 5 33 )	 ( 5 36 )	 ( 55 15 )	 ( 5 25 )	 ( 5 31 )	 ( 5 22 )	 ( 5 30 )	 ( 5 23 )	 ( 5 26 )	 ( 5 23 )	 ( 5 20 )	 ( 5 13 )	 ( 5 30 )	 ( 5 15 )	 ( 30 22 )	 ( 5 32 )	 ( 5 32 )	 ( 5 30 )	 ( 5 32 )	 ( 5 24 )	 ( 5 30 )	 ( 5 24 )	 ( 5 39 )	 ( 5 21 )	 ( 5 21 )	 ( 5 23 )	 ( 5 36 )	 ( 5 37 )	 ( 5 29 )	 ( 5 38 )	 ( 5 34 )	 ( 5 36 )	 ( 5 29 )	 ( 5 40 )	 ( 17 18 )	 ( 25 18 )	 ( 5 22 )	 ( 2147483647 0 )	 ( 13 17 )	 ( 5 38 )	 ( 5 37 )	 ( 5 18 )	 ( 5 30 )	 ( 5 10 )	 ( 5 12 )	 ( 5 21 )	 ( 5 23 )	 ( 5 19 )	 ( 5 26 )	 ( 5 31 )	 ( 5 43 )	 ( 5 24 )	 ( 5 28 )	 ( 5 36 )	 ( 5 36 )	 ( 5 27 )	 ( 5 46 )	 ( 5 31 )	 ( 5 23 )	 ( 5 19 )	 ( 5 41 )	 ( 5 32 )	 ( 5 33 )	 ( 5 31 )	 ( 5 29 )	 ( 5 28 )	 ( 5 25 )	 ( 5 26 )	 ( 5 29 )	 ( 5 24 )
40	 ( 13 15 )	 ( 13 28 )	 ( 13 25 )	 ( 13 28 )	 ( 13 2 )	 ( 21 24 )	 ( 21 30 )	 ( 30 15 )	 ( 30 23 )	 ( 11 16 )	 ( 30 19 )	 ( 31 16 )	 ( 31 13 )	 ( 31 6 )	 ( 31 23 )	 ( 31 8 )	 ( 13 9 )	 ( 10 25 )	 ( 21 31 )	 ( 11 23 )	 ( 31 25 )	 ( 26 17 )	 ( 11 23 )	 ( 17 17 )	 ( 31 33 )	 ( 31 14 )	 ( 31 14 )	 ( 31 16 )	 ( 21 35 )	 ( 13 29 )	 ( 21 28 )	 ( 21 37 )	 ( 21 33 )	 ( 21 35 )	 ( 21 28 )	 ( 25 33 )	 ( 21 26 )	 ( 11 29 )	 ( 21 21 )	 ( 13 17 )	 ( 2147483647 0 )	 ( 13 31 )	 ( 21 36 )	 ( 21 17 )	 ( 10 28 )	 ( 21 9 )	 ( 21 11 )	 ( 7 20 )	 ( 16 22 )	 ( 21 18 )	 ( 21 25 )	 ( 30 24 )	 ( 31 36 )	 ( 13 17 )	 ( 31 21 )	 ( 17 35 )	 ( 11 35 )	 ( 21 26 )	 ( 13 39 )	 ( 21 30 )	 ( 21 22 )	 ( 31 12 )	 ( 30 34 )	 ( 10 31 )	 ( 11 26 )	 ( 11 24 )	 ( 11 22 )	 ( 12 27 )	 ( 7 24 )	 ( 19 25 )	 ( 7 28 )	 ( 21 23 )
41	 ( 17 16 )	 ( 17 13 )	 ( 17 6 )	 ( 17 9 )	 ( 17 29 )	 ( 17 16 )	 ( 10 17 )	 ( 17 40 )	 ( 17 48 )	 ( 11 41 )	 ( 17 44 )	 ( 17 41 )	 ( 17 38 )	 ( 17 31 )	 ( 17 48 )	 ( 17 33 )	 ( 17 36 )	 ( 10 36 )	 ( 10 28 )	 ( 10 38 )	 ( 17 50 )	 ( 17 42 )	 ( 11 48 )	 ( 17 42 )	 ( 10 35 )	 ( 17 39 )	 ( 17 39 )	 ( 17 41 )	 ( 17 8 )	 ( 17 2 )	 ( 17 15 )	 ( 17 10 )	 ( 14 18 )	 ( 10 22 )	 ( 10 19 )	 ( 17 58 )	 ( 10 23 )	 ( 10 26 )	 ( 10 18 )	 ( 5 38 )	 ( 13 31 )	 ( 2147483647 0 )	 ( 10 23 )	 ( 17 20 )	 ( 17 8 )	 ( 17 28 )	 ( 17 26 )	 ( 17 26 )	 ( 16 37 )	 ( 7 28 )	 ( 17 40 )	 ( 17 49 )	 ( 17 61 )	 ( 13 42 )	 ( 17 46 )	 ( 17 27 )	 ( 36 25 )	 ( 17 18 )	 ( 36 8 )	 ( 17 22 )	 ( 17 15 )	 ( 17 37 )	 ( 17 59 )	 ( 39 8 )	 ( 10 43 )	 ( 11 49 )	 ( 11 47 )	 ( 12 20 )	 ( 17 30 )	 ( 17 18 )	 ( 17 27 )	 ( 17 26 )
42	 ( 10 27 )	 ( 27 23 )	 ( 10 17 )	 ( 10 14 )	 ( 13 38 )	 ( 30 12 )	 ( 38 6 )	 ( 21 39 )	 ( 21 47 )	 ( 11 40 )	 ( 21 43 )	 ( 21 40 )	 ( 21 37 )	 ( 21 30 )	 ( 21 47 )	 ( 21 32 )	 ( 13 39 )	 ( 25 33 )	 ( 25 25 )	 ( 10 35 )	 ( 21 49 )	 ( 21 41 )	 ( 11 47 )	 ( 17 41 )	 ( 20 32 )	 ( 21 38 )	 ( 21 38 )	 ( 21 40 )	 ( 37 21 )	 ( 10 21 )	 ( 43 14 )	 ( 37 23 )	 ( 30 13 )	 ( 38 11 )	 ( 30 8 )	 ( 21 57 )	 ( 30 20 )	 ( 11 23 )	 ( 30 15 )	 ( 5 37 )	 ( 21 36 )	 ( 10 23 )	 ( 2147483647 0 )	 ( 23 19 )	 ( 38 18 )	 ( 23 27 )	 ( 23 25 )	 ( 13 32 )	 ( 16 36 )	 ( 21 32 )	 ( 23 39 )	 ( 5 47 )	 ( 21 60 )	 ( 13 41 )	 ( 21 45 )	 ( 17 23 )	 ( 11 23 )	 ( 30 14 )	 ( 10 31 )	 ( 27 18 )	 ( 23 24 )	 ( 21 36 )	 ( 5 57 )	 ( 10 25 )	 ( 10 40 )	 ( 11 48 )	 ( 11 46 )	 ( 12 29 )	 ( 13 36 )	 ( 19 27 )	 ( 23 36 )	 ( 23 25 )
43	 ( 39 25 )	 ( 5 12 )	 ( 48 15 )	 ( 23 18 )	 ( 13 19 )	 ( 23 7 )	 ( 23 13 )	 ( 21 20 )	 ( 21 28 )	 ( 11 21 )	 ( 21 24 )	 ( 21 21 )	 ( 21 18 )	 ( 21 11 )	 ( 21 28 )	 ( 21 13 )	 ( 13 20 )	 ( 23 22 )	 ( 23 14 )	 ( 10 24 )	 ( 21 30 )	 ( 21 22 )	 ( 11 28 )	 ( 17 22 )	 ( 20 21 )	 ( 21 19 )	 ( 21 19 )	 ( 21 21 )	 ( 37 18 )	 ( 33 19 )	 ( 46 11 )	 ( 37 20 )	 ( 23 16 )	 ( 23 18 )	 ( 23 11 )	 ( 21 38 )	 ( 23 9 )	 ( 11 12 )	 ( 23 4 )	 ( 5 18 )	 ( 21 17 )	 ( 17 20 )	 ( 23 19 )	 ( 2147483647 0 )	 ( 22 12 )	 ( 53 8 )	 ( 53 6 )	 ( 7 15 )	 ( 16 17 )	 ( 21 13 )	 ( 26 20 )	 ( 21 29 )	 ( 21 41 )	 ( 13 22 )	 ( 21 26 )	 ( 17 18 )	 ( 11 18 )	 ( 23 9 )	 ( 17 28 )	 ( 23 13 )	 ( 49 5 )	 ( 21 17 )	 ( 21 39 )	 ( 10 14 )	 ( 10 29 )	 ( 11 29 )	 ( 11 27 )	 ( 12 10 )	 ( 7 19 )	 ( 19 8 )	 ( 31 17 )	 ( 55 6 )
44	 ( 10 13 )	 ( 27 5 )	 ( 10 3 )	 ( 10 6 )	 ( 10 26 )	 ( 43 12 )	 ( 51 12 )	 ( 21 32 )	 ( 21 40 )	 ( 11 33 )	 ( 21 36 )	 ( 21 33 )	 ( 21 30 )	 ( 21 23 )	 ( 21 40 )	 ( 21 25 )	 ( 13 32 )	 ( 25 33 )	 ( 25 25 )	 ( 10 35 )	 ( 21 42 )	 ( 21 34 )	 ( 11 40 )	 ( 17 34 )	 ( 20 32 )	 ( 21 31 )	 ( 21 31 )	 ( 21 33 )	 ( 10 13 )	 ( 10 7 )	 ( 27 16 )	 ( 10 15 )	 ( 30 19 )	 ( 43 17 )	 ( 30 14 )	 ( 21 50 )	 ( 32 20 )	 ( 11 23 )	 ( 43 15 )	 ( 5 30 )	 ( 10 28 )	 ( 17 8 )	 ( 38 18 )	 ( 22 12 )	 ( 2147483647 0 )	 ( 22 20 )	 ( 22 18 )	 ( 19 18 )	 ( 16 29 )	 ( 7 20 )	 ( 22 32 )	 ( 21 41 )	 ( 21 53 )	 ( 13 34 )	 ( 21 38 )	 ( 17 23 )	 ( 11 23 )	 ( 43 14 )	 ( 17 16 )	 ( 22 17 )	 ( 22 7 )	 ( 21 29 )	 ( 21 51 )	 ( 17 16 )	 ( 10 40 )	 ( 11 41 )	 ( 11 39 )	 ( 12 12 )	 ( 19 22 )	 ( 19 10 )	 ( 22 19 )	 ( 22 18 )
45	 ( 13 24 )	 ( 5 20 )	 ( 48 23 )	 ( 23 26 )	 ( 13 11 )	 ( 23 15 )	 ( 23 21 )	 ( 21 12 )	 ( 21 20 )	 ( 11 13 )	 ( 21 16 )	 ( 21 13 )	 ( 21 10 )	 ( 21 3 )	 ( 21 20 )	 ( 21 5 )	 ( 13 12 )	 ( 10 22 )	 ( 23 22 )	 ( 11 20 )	 ( 21 22 )	 ( 21 14 )	 ( 11 20 )	 ( 17 14 )	 ( 20 29 )	 ( 21 11 )	 ( 21 11 )	 ( 21 13 )	 ( 37 26 )	 ( 33 27 )	 ( 46 19 )	 ( 37 28 )	 ( 23 24 )	 ( 23 26 )	 ( 23 19 )	 ( 21 30 )	 ( 23 17 )	 ( 11 20 )	 ( 23 12 )	 ( 5 10 )	 ( 21 9 )	 ( 17 28 )	 ( 23 27 )	 ( 53 8 )	 ( 22 20 )	 ( 2147483647 0 )	 ( 55 2 )	 ( 7 11 )	 ( 16 13 )	 ( 21 9 )	 ( 26 16 )	 ( 21 21 )	 ( 21 33 )	 ( 13 14 )	 ( 21 18 )	 ( 17 26 )	 ( 11 26 )	 ( 23 17 )	 ( 17 36 )	 ( 23 21 )	 ( 49 13 )	 ( 21 9 )	 ( 21 31 )	 ( 10 22 )	 ( 11 23 )	 ( 11 21 )	 ( 11 19 )	 ( 12 18 )	 ( 7 15 )	 ( 19 16 )	 ( 7 19 )	 ( 53 14 )
46	 ( 13 26 )	 ( 5 18 )	 ( 48 21 )	 ( 23 24 )	 ( 13 13 )	 ( 23 13 )	 ( 23 19 )	 ( 21 14 )	 ( 21 22 )	 ( 11 15 )	 ( 21 18 )	 ( 21 15 )	 ( 21 12 )	 ( 21 5 )	 ( 21 22 )	 ( 21 7 )	 ( 13 14 )	 ( 10 24 )	 ( 23 20 )	 ( 11 22 )	 ( 21 24 )	 ( 21 16 )	 ( 11 22 )	 ( 17 16 )	 ( 20 27 )	 ( 21 13 )	 ( 21 13 )	 ( 21 15 )	 ( 37 24 )	 ( 33 25 )	 ( 46 17 )	 ( 37 26 )	 ( 23 22 )	 ( 23 24 )	 ( 23 17 )	 ( 21 32 )	 ( 23 15 )	 ( 11 18 )	 ( 23 10 )	 ( 5 12 )	 ( 21 11 )	 ( 17 26 )	 ( 23 25 )	 ( 53 6 )	 ( 22 18 )	 ( 55 2 )	 ( 2147483647 0 )	 ( 7 9 )	 ( 16 11 )	 ( 21 7 )	 ( 26 14 )	 ( 21 23 )	 ( 21 35 )	 ( 13 16 )	 ( 21 20 )	 ( 17 24 )	 ( 11 24 )	 ( 23 15 )	 ( 17 34 )	 ( 23 19 )	 ( 49 11 )	 ( 21 11 )	 ( 21 33 )	 ( 10 20 )	 ( 11 25 )	 ( 11 23 )	 ( 11 21 )	 ( 12 16 )	 ( 7 13 )	 ( 19 14 )	 ( 7 17 )	 ( 53 12 )
47	 ( 10 31 )	 ( 19 23 )	 ( 10 21 )	 ( 10 24 )	 ( 7 22 )	 ( 13 20 )	 ( 13 26 )	 ( 7 18 )	 ( 7 26 )	 ( 7 17 )	 ( 7 22 )	 ( 7 19 )	 ( 7 20 )	 ( 7 14 )	 ( 7 31 )	 ( 7 16 )	 ( 7 23 )	 ( 7 26 )	 ( 7 29 )	 ( 7 24 )	 ( 7 28 )	 ( 7 20 )	 ( 7 26 )	 ( 7 20 )	 ( 7 36 )	 ( 7 22 )	 ( 7 22 )	 ( 7 24 )	 ( 10 31 )	 ( 10 25 )	 ( 7 26 )	 ( 10 33 )	 ( 13 29 )	 ( 13 31 )	 ( 13 24 )	 ( 7 36 )	 ( 7 24 )	 ( 7 27 )	 ( 7 19 )	 ( 5 21 )	 ( 7 20 )	 ( 17 26 )	 ( 13 32 )	 ( 7 15 )	 ( 19 18 )	 ( 7 11 )	 ( 7 9 )	 ( 2147483647 0 )	 ( 7 20 )	 ( 7 2 )	 ( 7 15 )	 ( 7 27 )	 ( 7 40 )	 ( 7 25 )	 ( 7 29 )	 ( 13 27 )	 ( 11 27 )	 ( 13 18 )	 ( 17 34 )	 ( 13 14 )	 ( 19 11 )	 ( 7 20 )	 ( 7 37 )	 ( 7 29 )	 ( 7 27 )	 ( 7 25 )	 ( 7 23 )	 ( 54 10 )	 ( 53 4 )	 ( 33 8 )	 ( 49 8 )	 ( 7 21 )
48	 ( 13 37 )	 ( 5 29 )	 ( 16 32 )	 ( 16 35 )	 ( 13 24 )	 ( 16 24 )	 ( 16 30 )	 ( 16 25 )	 ( 16 33 )	 ( 11 26 )	 ( 16 29 )	 ( 16 26 )	 ( 16 23 )	 ( 16 16 )	 ( 16 33 )	 ( 16 18 )	 ( 13 25 )	 ( 10 35 )	 ( 16 31 )	 ( 11 33 )	 ( 16 35 )	 ( 16 27 )	 ( 11 33 )	 ( 16 27 )	 ( 16 38 )	 ( 16 24 )	 ( 16 24 )	 ( 16 26 )	 ( 16 35 )	 ( 16 36 )	 ( 16 28 )	 ( 16 37 )	 ( 16 33 )	 ( 16 35 )	 ( 16 28 )	 ( 16 43 )	 ( 16 26 )	 ( 11 29 )	 ( 16 21 )	 ( 5 23 )	 ( 16 22 )	 ( 16 37 )	 ( 16 36 )	 ( 16 17 )	 ( 16 29 )	 ( 16 13 )	 ( 16 11 )	 ( 7 20 )	 ( 2147483647 0 )	 ( 16 18 )	 ( 16 25 )	 ( 16 34 )	 ( 16 46 )	 ( 13 27 )	 ( 16 31 )	 ( 19 14 )	 ( 11 32 )	 ( 17 23 )	 ( 16 45 )	 ( 17 27 )	 ( 16 22 )	 ( 16 22 )	 ( 16 44 )	 ( 10 31 )	 ( 11 36 )	 ( 11 34 )	 ( 11 32 )	 ( 12 27 )	 ( 7 24 )	 ( 16 25 )	 ( 7 28 )	 ( 16 23 )
49	 ( 13 33 )	 ( 7 25 )	 ( 7 23 )	 ( 7 26 )	 ( 13 20 )	 ( 21 20 )	 ( 21 26 )	 ( 11 16 )	 ( 11 24 )	 ( 29 15 )	 ( 11 20 )	 ( 11 17 )	 ( 11 18 )	 ( 21 12 )	 ( 21 29 )	 ( 21 14 )	 ( 13 21 )	 ( 10 24 )	 ( 21 27 )	 ( 21 22 )	 ( 11 26 )	 ( 11 18 )	 ( 11 24 )	 ( 11 18 )	 ( 20 34 )	 ( 21 20 )	 ( 21 20 )	 ( 21 22 )	 ( 21 31 )	 ( 7 27 )	 ( 21 24 )	 ( 21 33 )	 ( 21 29 )	 ( 21 31 )	 ( 21 24 )	 ( 11 34 )	 ( 21 22 )	 ( 11 25 )	 ( 21 17 )	 ( 5 19 )	 ( 21 18 )	 ( 7 28 )	 ( 21 32 )	 ( 21 13 )	 ( 7 20 )	 ( 21 9 )	 ( 21 7 )	 ( 7 2 )	 ( 16 18 )	 ( 2147483647 0 )	 ( 18 13 )	 ( 11 25 )	 ( 11 38 )	 ( 13 23 )	 ( 21 27 )	 ( 7 29 )	 ( 7 29 )	 ( 7 20 )	 ( 7 36 )	 ( 7 16 )	 ( 7 13 )	 ( 21 18 )	 ( 11 35 )	 ( 10 27 )	 ( 16 25 )	 ( 29 23 )	 ( 29 21 )	 ( 7 12 )	 ( 7 6 )	 ( 7 10 )	 ( 7 10 )	 ( 21 19 )
50	 ( 13 40 )	 ( 5 32 )	 ( 26 35 )	 ( 23 38 )	 ( 13 27 )	 ( 23 27 )	 ( 23 33 )	 ( 21 28 )	 ( 21 36 )	 ( 18 28 )	 ( 21 32 )	 ( 21 29 )	 ( 21 26 )	 ( 21 19 )	 ( 21 36 )	 ( 21 21 )	 ( 13 28 )	 ( 10 37 )	 ( 23 34 )	 ( 18 35 )	 ( 21 38 )	 ( 21 30 )	 ( 11 36 )	 ( 17 30 )	 ( 20 41 )	 ( 21 27 )	 ( 21 27 )	 ( 21 29 )	 ( 26 38 )	 ( 26 39 )	 ( 26 31 )	 ( 26 40 )	 ( 23 36 )	 ( 23 38 )	 ( 23 31 )	 ( 21 46 )	 ( 23 29 )	 ( 11 32 )	 ( 23 24 )	 ( 5 26 )	 ( 21 25 )	 ( 17 40 )	 ( 23 39 )	 ( 26 20 )	 ( 22 32 )	 ( 26 16 )	 ( 26 14 )	 ( 7 15 )	 ( 16 25 )	 ( 18 13 )	 ( 2147483647 0 )	 ( 21 37 )	 ( 21 49 )	 ( 13 30 )	 ( 21 34 )	 ( 17 38 )	 ( 11 38 )	 ( 23 29 )	 ( 17 48 )	 ( 7 29 )	 ( 26 25 )	 ( 21 25 )	 ( 21 47 )	 ( 10 34 )	 ( 16 38 )	 ( 18 36 )	 ( 18 34 )	 ( 7 25 )	 ( 7 19 )	 ( 7 23 )	 ( 7 23 )	 ( 26 26 )
51	 ( 13 39 )	 ( 5 41 )	 ( 21 44 )	 ( 5 46 )	 ( 13 26 )	 ( 5 35 )	 ( 5 41 )	 ( 32 9 )	 ( 45 1 )	 ( 11 10 )	 ( 45 12 )	 ( 32 10 )	 ( 30 11 )	 ( 30 18 )	 ( 32 27 )	 ( 30 20 )	 ( 13 27 )	 ( 10 19 )	 ( 5 22 )	 ( 11 17 )	 ( 32 19 )	 ( 26 11 )	 ( 11 17 )	 ( 17 11 )	 ( 5 15 )	 ( 30 26 )	 ( 30 26 )	 ( 30 28 )	 ( 21 47 )	 ( 21 48 )	 ( 21 40 )	 ( 21 49 )	 ( 5 44 )	 ( 5 46 )	 ( 5 39 )	 ( 25 27 )	 ( 5 37 )	 ( 5 40 )	 ( 5 32 )	 ( 5 31 )	 ( 30 24 )	 ( 17 49 )	 ( 5 47 )	 ( 21 29 )	 ( 21 41 )	 ( 21 21 )	 ( 21 23 )	 ( 7 27 )	 ( 16 34 )	 ( 11 25 )	 ( 21 37 )	 ( 2147483647 0 )	 ( 32 31 )	 ( 13 29 )	 ( 32 29 )	 ( 5 46 )	 ( 5 46 )	 ( 5 37 )	 ( 17 57 )	 ( 7 41 )	 ( 21 34 )	 ( 30 24 )	 ( 30 10 )	 ( 5 42 )	 ( 11 20 )	 ( 33 9 )	 ( 33 11 )	 ( 7 37 )	 ( 7 31 )	 ( 7 35 )	 ( 7 35 )	 ( 21 35 )
52	 ( 13 51 )	 ( 5 53 )	 ( 21 56 )	 ( 21 59 )	 ( 13 38 )	 ( 21 48 )	 ( 21 54 )	 ( 45 22 )	 ( 32 30 )	 ( 11 23 )	 ( 27 21 )	 ( 45 21 )	 ( 44 24 )	 ( 41 30 )	 ( 46 13 )	 ( 41 32 )	 ( 13 39 )	 ( 10 32 )	 ( 10 40 )	 ( 11 30 )	 ( 53 12 )	 ( 26 22 )	 ( 16 26 )	 ( 17 22 )	 ( 45 38 )	 ( 41 38 )	 ( 41 26 )	 ( 33 40 )	 ( 21 59 )	 ( 21 60 )	 ( 21 52 )	 ( 21 61 )	 ( 21 57 )	 ( 21 59 )	 ( 21 52 )	 ( 25 38 )	 ( 21 50 )	 ( 11 53 )	 ( 21 45 )	 ( 5 43 )	 ( 31 36 )	 ( 17 61 )	 ( 21 60 )	 ( 21 41 )	 ( 21 53 )	 ( 21 33 )	 ( 21 35 )	 ( 7 40 )	 ( 16 46 )	 ( 11 38 )	 ( 21 49 )	 ( 32 31 )	 ( 2147483647 0 )	 ( 5 26 )	 ( 41 15 )	 ( 17 59 )	 ( 11 59 )	 ( 21 50 )	 ( 17 69 )	 ( 21 54 )	 ( 21 46 )	 ( 41 24 )	 ( 30 41 )	 ( 10 55 )	 ( 11 33 )	 ( 11 31 )	 ( 11 29 )	 ( 7 50 )	 ( 7 44 )	 ( 7 48 )	 ( 7 48 )	 ( 21 47 )
53	 ( 13 32 )	 ( 5 34 )	 ( 13 37 )	 ( 13 40 )	 ( 13 19 )	 ( 13 29 )	 ( 13 35 )	 ( 13 20 )	 ( 13 28 )	 ( 11 21 )	 ( 13 24 )	 ( 13 21 )	 ( 13 18 )	 ( 13 11 )	 ( 5 13 )	 ( 13 13 )	 ( 13 20 )	 ( 10 30 )	 ( 13 36 )	 ( 11 28 )	 ( 5 23 )	 ( 13 22 )	 ( 11 28 )	 ( 13 22 )	 ( 13 38 )	 ( 13 19 )	 ( 13 3 )	 ( 13 21 )	 ( 13 40 )	 ( 13 41 )	 ( 13 33 )	 ( 13 42 )	 ( 13 38 )	 ( 13 40 )	 ( 13 33 )	 ( 13 38 )	 ( 13 31 )	 ( 11 34 )	 ( 13 26 )	 ( 5 24 )	 ( 13 17 )	 ( 13 42 )	 ( 13 41 )	 ( 13 22 )	 ( 13 34 )	 ( 13 14 )	 ( 13 16 )	 ( 7 25 )	 ( 13 27 )	 ( 13 23 )	 ( 13 30 )	 ( 13 29 )	 ( 5 26 )	 ( 2147483647 0 )	 ( 13 14 )	 ( 13 40 )	 ( 11 40 )	 ( 13 31 )	 ( 13 50 )	 ( 13 35 )	 ( 13 27 )	 ( 13 5 )	 ( 13 39 )	 ( 10 36 )	 ( 11 31 )	 ( 11 29 )	 ( 11 27 )	 ( 12 32 )	 ( 7 29 )	 ( 13 30 )	 ( 7 33 )	 ( 13 28 )
54	 ( 13 36 )	 ( 5 38 )	 ( 21 41 )	 ( 21 44 )	 ( 13 23 )	 ( 21 33 )	 ( 21 39 )	 ( 36 20 )	 ( 32 28 )	 ( 11 21 )	 ( 10 21 )	 ( 36 21 )	 ( 33 22 )	 ( 41 15 )	 ( 41 2 )	 ( 41 17 )	 ( 13 24 )	 ( 10 30 )	 ( 10 38 )	 ( 11 28 )	 ( 10 12 )	 ( 26 22 )	 ( 10 26 )	 ( 17 22 )	 ( 36 38 )	 ( 41 23 )	 ( 41 11 )	 ( 33 25 )	 ( 21 44 )	 ( 21 45 )	 ( 21 37 )	 ( 21 46 )	 ( 21 42 )	 ( 21 44 )	 ( 21 37 )	 ( 25 38 )	 ( 21 35 )	 ( 11 38 )	 ( 21 30 )	 ( 5 28 )	 ( 31 21 )	 ( 17 46 )	 ( 21 45 )	 ( 21 26 )	 ( 21 38 )	 ( 21 18 )	 ( 21 20 )	 ( 7 29 )	 ( 16 31 )	 ( 21 27 )	 ( 21 34 )	 ( 32 29 )	 ( 41 15 )	 ( 13 14 )	 ( 2147483647 0 )	 ( 17 44 )	 ( 11 44 )	 ( 21 35 )	 ( 17 54 )	 ( 21 39 )	 ( 21 31 )	 ( 41 9 )	 ( 30 39 )	 ( 10 40 )	 ( 11 31 )	 ( 11 29 )	 ( 11 27 )	 ( 12 36 )	 ( 7 33 )	 ( 19 34 )	 ( 7 37 )	 ( 21 32 )
55	 ( 17 34 )	 ( 17 21 )	 ( 17 25 )	 ( 17 22 )	 ( 13 37 )	 ( 17 11 )	 ( 17 17 )	 ( 17 38 )	 ( 17 46 )	 ( 11 39 )	 ( 17 42 )	 ( 17 39 )	 ( 17 36 )	 ( 17 29 )	 ( 17 46 )	 ( 17 31 )	 ( 13 38 )	 ( 17 32 )	 ( 17 24 )	 ( 10 34 )	 ( 17 48 )	 ( 17 40 )	 ( 11 46 )	 ( 17 40 )	 ( 17 31 )	 ( 17 37 )	 ( 17 37 )	 ( 17 39 )	 ( 17 27 )	 ( 17 25 )	 ( 17 29 )	 ( 17 25 )	 ( 17 20 )	 ( 17 22 )	 ( 17 15 )	 ( 17 56 )	 ( 17 19 )	 ( 11 22 )	 ( 17 14 )	 ( 5 36 )	 ( 17 35 )	 ( 17 27 )	 ( 17 23 )	 ( 17 18 )	 ( 17 23 )	 ( 17 26 )	 ( 17 24 )	 ( 13 27 )	 ( 19 14 )	 ( 7 29 )	 ( 17 38 )	 ( 5 46 )	 ( 17 59 )	 ( 13 40 )	 ( 17 44 )	 ( 2147483647 0 )	 ( 11 18 )	 ( 17 9 )	 ( 17 35 )	 ( 17 13 )	 ( 36 17 )	 ( 17 35 )	 ( 5 56 )	 ( 10 24 )	 ( 10 39 )	 ( 11 47 )	 ( 11 45 )	 ( 12 22 )	 ( 13 31 )	 ( 19 20 )	 ( 31 29 )	 ( 28 17 )
56	 ( 11 34 )	 ( 11 21 )	 ( 11 25 )	 ( 11 22 )	 ( 11 37 )	 ( 11 11 )	 ( 11 17 )	 ( 11 38 )	 ( 11 46 )	 ( 11 39 )	 ( 11 42 )	 ( 11 39 )	 ( 11 36 )	 ( 11 29 )	 ( 11 46 )	 ( 11 31 )	 ( 11 38 )	 ( 11 32 )	 ( 11 24 )	 ( 10 34 )	 ( 11 48 )	 ( 11 40 )	 ( 11 46 )	 ( 11 40 )	 ( 11 31 )	 ( 11 37 )	 ( 11 37 )	 ( 11 39 )	 ( 11 27 )	 ( 11 25 )	 ( 11 29 )	 ( 11 25 )	 ( 11 20 )	 ( 11 22 )	 ( 11 15 )	 ( 11 56 )	 ( 11 19 )	 ( 11 22 )	 ( 11 14 )	 ( 5 36 )	 ( 11 35 )	 ( 36 25 )	 ( 11 23 )	 ( 11 18 )	 ( 11 23 )	 ( 11 26 )	 ( 11 24 )	 ( 11 27 )	 ( 11 32 )	 ( 7 29 )	 ( 11 38 )	 ( 5 46 )	 ( 11 59 )	 ( 11 40 )	 ( 11 44 )	 ( 11 18 )	 ( 2147483647 0 )	 ( 11 9 )	 ( 42 17 )	 ( 11 13 )	 ( 11 23 )	 ( 11 35 )	 ( 5 56 )	 ( 10 24 )	 ( 10 39 )	 ( 11 47 )	 ( 11 45 )	 ( 11 28 )	 ( 11 31 )	 ( 11 26 )	 ( 11 35 )	 ( 11 24 )
57	 ( 28 25 )	 ( 39 12 )	 ( 17 16 )	 ( 53 13 )	 ( 13 28 )	 ( 53 2 )	 ( 30 8 )	 ( 21 29 )	 ( 21 37 )	 ( 11 30 )	 ( 21 33 )	 ( 21 30 )	 ( 21 27 )	 ( 21 20 )	 ( 21 37 )	 ( 21 22 )	 ( 13 29 )	 ( 25 23 )	 ( 25 15 )	 ( 10 25 )	 ( 21 39 )	 ( 21 31 )	 ( 11 37 )	 ( 17 31 )	 ( 20 22 )	 ( 21 28 )	 ( 21 28 )	 ( 21 30 )	 ( 46 18 )	 ( 27 16 )	 ( 23 20 )	 ( 48 16 )	 ( 44 11 )	 ( 30 13 )	 ( 44 6 )	 ( 21 47 )	 ( 32 10 )	 ( 11 13 )	 ( 45 5 )	 ( 5 27 )	 ( 21 26 )	 ( 17 18 )	 ( 30 14 )	 ( 23 9 )	 ( 43 14 )	 ( 23 17 )	 ( 23 15 )	 ( 13 18 )	 ( 17 23 )	 ( 7 20 )	 ( 23 29 )	 ( 5 37 )	 ( 21 50 )	 ( 13 31 )	 ( 21 35 )	 ( 17 9 )	 ( 11 9 )	 ( 2147483647 0 )	 ( 17 26 )	 ( 27 4 )	 ( 27 14 )	 ( 21 26 )	 ( 5 47 )	 ( 10 15 )	 ( 10 30 )	 ( 11 38 )	 ( 11 36 )	 ( 12 19 )	 ( 13 22 )	 ( 19 17 )	 ( 27 26 )	 ( 23 15 )
58	 ( 17 24 )	 ( 17 21 )	 ( 17 14 )	 ( 17 17 )	 ( 17 37 )	 ( 17 24 )	 ( 10 25 )	 ( 17 48 )	 ( 17 56 )	 ( 11 49 )	 ( 17 52 )	 ( 17 49 )	 ( 17 46 )	 ( 17 39 )	 ( 17 56 )	 ( 17 41 )	 ( 17 44 )	 ( 10 44 )	 ( 10 36 )	 ( 10 46 )	 ( 17 58 )	 ( 17 50 )	 ( 11 56 )	 ( 17 50 )	 ( 10 43 )	 ( 17 47 )	 ( 17 47 )	 ( 17 49 )	 ( 17 16 )	 ( 17 10 )	 ( 17 23 )	 ( 34 18 )	 ( 14 26 )	 ( 10 30 )	 ( 10 27 )	 ( 17 66 )	 ( 10 31 )	 ( 10 34 )	 ( 10 26 )	 ( 5 46 )	 ( 13 39 )	 ( 36 8 )	 ( 10 31 )	 ( 17 28 )	 ( 17 16 )	 ( 17 36 )	 ( 17 34 )	 ( 17 34 )	 ( 16 45 )	 ( 7 36 )	 ( 17 48 )	 ( 17 57 )	 ( 17 69 )	 ( 13 50 )	 ( 17 54 )	 ( 17 35 )	 ( 42 17 )	 ( 17 26 )	 ( 2147483647 0 )	 ( 17 30 )	 ( 17 23 )	 ( 17 45 )	 ( 17 67 )	 ( 36 16 )	 ( 10 51 )	 ( 11 57 )	 ( 11 55 )	 ( 12 28 )	 ( 17 38 )	 ( 17 26 )	 ( 17 35 )	 ( 17 34 )
59	 ( 27 29 )	 ( 27 16 )	 ( 17 20 )	 ( 27 17 )	 ( 13 32 )	 ( 27 6 )	 ( 27 12 )	 ( 7 32 )	 ( 7 40 )	 ( 7 31 )	 ( 7 36 )	 ( 7 33 )	 ( 21 31 )	 ( 21 24 )	 ( 21 41 )	 ( 21 26 )	 ( 13 33 )	 ( 25 27 )	 ( 25 19 )	 ( 10 29 )	 ( 7 42 )	 ( 7 34 )	 ( 7 40 )	 ( 7 34 )	 ( 20 26 )	 ( 21 32 )	 ( 21 32 )	 ( 21 34 )	 ( 27 22 )	 ( 27 20 )	 ( 23 24 )	 ( 27 20 )	 ( 27 15 )	 ( 27 17 )	 ( 27 10 )	 ( 7 50 )	 ( 27 14 )	 ( 11 17 )	 ( 27 9 )	 ( 5 31 )	 ( 21 30 )	 ( 17 22 )	 ( 27 18 )	 ( 23 13 )	 ( 22 17 )	 ( 23 21 )	 ( 23 19 )	 ( 13 14 )	 ( 17 27 )	 ( 7 16 )	 ( 7 29 )	 ( 7 41 )	 ( 21 54 )	 ( 13 35 )	 ( 21 39 )	 ( 17 13 )	 ( 11 13 )	 ( 27 4 )	 ( 17 30 )	 ( 2147483647 0 )	 ( 45 10 )	 ( 21 30 )	 ( 7 51 )	 ( 10 19 )	 ( 10 34 )	 ( 7 39 )	 ( 7 37 )	 ( 12 15 )	 ( 13 18 )	 ( 19 13 )	 ( 31 22 )	 ( 23 19 )
60	 ( 10 20 )	 ( 22 12 )	 ( 10 10 )	 ( 10 13 )	 ( 13 24 )	 ( 23 12 )	 ( 23 18 )	 ( 21 25 )	 ( 21 33 )	 ( 11 26 )	 ( 21 29 )	 ( 21 26 )	 ( 21 23 )	 ( 21 16 )	 ( 21 33 )	 ( 21 18 )	 ( 13 25 )	 ( 23 27 )	 ( 23 19 )	 ( 10 29 )	 ( 21 35 )	 ( 21 27 )	 ( 11 33 )	 ( 17 27 )	 ( 20 26 )	 ( 21 24 )	 ( 21 24 )	 ( 21 26 )	 ( 10 20 )	 ( 10 14 )	 ( 46 16 )	 ( 10 22 )	 ( 23 21 )	 ( 23 23 )	 ( 23 16 )	 ( 21 43 )	 ( 23 14 )	 ( 11 17 )	 ( 23 9 )	 ( 5 23 )	 ( 21 22 )	 ( 17 15 )	 ( 23 24 )	 ( 49 5 )	 ( 22 7 )	 ( 49 13 )	 ( 49 11 )	 ( 19 11 )	 ( 16 22 )	 ( 7 13 )	 ( 26 25 )	 ( 21 34 )	 ( 21 46 )	 ( 13 27 )	 ( 21 31 )	 ( 36 17 )	 ( 11 23 )	 ( 27 14 )	 ( 17 23 )	 ( 45 10 )	 ( 2147483647 0 )	 ( 21 22 )	 ( 21 44 )	 ( 10 19 )	 ( 10 34 )	 ( 11 34 )	 ( 11 32 )	 ( 12 5 )	 ( 19 15 )	 ( 19 3 )	 ( 31 12 )	 ( 49 11 )
61	 ( 13 27 )	 ( 5 29 )	 ( 21 32 )	 ( 21 35 )	 ( 13 14 )	 ( 21 24 )	 ( 21 30 )	 ( 30 15 )	 ( 30 23 )	 ( 11 16 )	 ( 30 19 )	 ( 33 16 )	 ( 33 13 )	 ( 41 6 )	 ( 41 11 )	 ( 41 8 )	 ( 13 15 )	 ( 10 25 )	 ( 21 31 )	 ( 11 23 )	 ( 10 21 )	 ( 26 17 )	 ( 11 23 )	 ( 17 17 )	 ( 33 33 )	 ( 41 14 )	 ( 44 2 )	 ( 33 16 )	 ( 21 35 )	 ( 21 36 )	 ( 21 28 )	 ( 21 37 )	 ( 21 33 )	 ( 21 35 )	 ( 21 28 )	 ( 25 33 )	 ( 21 26 )	 ( 11 29 )	 ( 21 21 )	 ( 5 19 )	 ( 31 12 )	 ( 17 37 )	 ( 21 36 )	 ( 21 17 )	 ( 21 29 )	 ( 21 9 )	 ( 21 11 )	 ( 7 20 )	 ( 16 22 )	 ( 21 18 )	 ( 21 25 )	 ( 30 24 )	 ( 41 24 )	 ( 13 5 )	 ( 41 9 )	 ( 17 35 )	 ( 11 35 )	 ( 21 26 )	 ( 17 45 )	 ( 21 30 )	 ( 21 22 )	 ( 2147483647 0 )	 ( 30 34 )	 ( 10 31 )	 ( 11 26 )	 ( 11 24 )	 ( 11 22 )	 ( 12 27 )	 ( 7 24 )	 ( 19 25 )	 ( 7 28 )	 ( 21 23 )
62	 ( 13 49 )	 ( 5 51 )	 ( 21 54 )	 ( 5 56 )	 ( 13 36 )	 ( 5 45 )	 ( 5 51 )	 ( 30 19 )	 ( 30 11 )	 ( 11 20 )	 ( 30 22 )	 ( 30 20 )	 ( 30 21 )	 ( 30 28 )	 ( 30 37 )	 ( 30 30 )	 ( 13 37 )	 ( 10 29 )	 ( 5 32 )	 ( 11 27 )	 ( 30 29 )	 ( 26 21 )	 ( 11 27 )	 ( 17 21 )	 ( 5 25 )	 ( 30 36 )	 ( 30 36 )	 ( 30 38 )	 ( 21 57 )	 ( 21 58 )	 ( 21 50 )	 ( 21 59 )	 ( 5 54 )	 ( 5 56 )	 ( 5 49 )	 ( 25 37 )	 ( 5 47 )	 ( 5 50 )	 ( 5 42 )	 ( 5 41 )	 ( 30 34 )	 ( 17 59 )	 ( 5 57 )	 ( 21 39 )	 ( 21 51 )	 ( 21 31 )	 ( 21 33 )	 ( 7 37 )	 ( 16 44 )	 ( 11 35 )	 ( 21 47 )	 ( 30 10 )	 ( 30 41 )	 ( 13 39 )	 ( 30 39 )	 ( 5 56 )	 ( 5 56 )	 ( 5 47 )	 ( 17 67 )	 ( 7 51 )	 ( 21 44 )	 ( 30 34 )	 ( 2147483647 0 )	 ( 5 52 )	 ( 11 30 )	 ( 30 19 )	 ( 30 21 )	 ( 7 47 )	 ( 7 41 )	 ( 7 45 )	 ( 7 45 )	 ( 21 45 )
63	 ( 17 24 )	 ( 17 21 )	 ( 17 14 )	 ( 17 17 )	 ( 10 33 )	 ( 10 13 )	 ( 10 19 )	 ( 10 34 )	 ( 10 42 )	 ( 10 35 )	 ( 10 38 )	 ( 10 35 )	 ( 10 32 )	 ( 10 25 )	 ( 10 42 )	 ( 10 27 )	 ( 10 34 )	 ( 10 28 )	 ( 10 20 )	 ( 10 30 )	 ( 10 44 )	 ( 10 36 )	 ( 10 42 )	 ( 10 36 )	 ( 10 27 )	 ( 10 33 )	 ( 10 33 )	 ( 10 35 )	 ( 17 16 )	 ( 17 10 )	 ( 17 23 )	 ( 17 18 )	 ( 10 22 )	 ( 10 24 )	 ( 10 17 )	 ( 10 52 )	 ( 10 15 )	 ( 10 18 )	 ( 10 10 )	 ( 5 32 )	 ( 10 31 )	 ( 39 8 )	 ( 10 25 )	 ( 10 14 )	 ( 17 16 )	 ( 10 22 )	 ( 10 20 )	 ( 7 29 )	 ( 10 31 )	 ( 10 27 )	 ( 10 34 )	 ( 5 42 )	 ( 10 55 )	 ( 10 36 )	 ( 10 40 )	 ( 10 24 )	 ( 10 24 )	 ( 10 15 )	 ( 36 16 )	 ( 10 19 )	 ( 10 19 )	 ( 10 31 )	 ( 5 52 )	 ( 2147483647 0 )	 ( 10 35 )	 ( 10 43 )	 ( 10 41 )	 ( 10 24 )	 ( 7 33 )	 ( 10 22 )	 ( 10 31 )	 ( 10 20 )
64	 ( 11 41 )	 ( 5 41 )	 ( 10 42 )	 ( 10 39 )	 ( 11 28 )	 ( 10 28 )	 ( 10 34 )	 ( 11 11 )	 ( 11 19 )	 ( 16 10 )	 ( 11 15 )	 ( 11 12 )	 ( 11 13 )	 ( 11 20 )	 ( 11 29 )	 ( 11 22 )	 ( 11 29 )	 ( 10 7 )	 ( 10 15 )	 ( 43 5 )	 ( 11 21 )	 ( 11 13 )	 ( 11 19 )	 ( 11 13 )	 ( 10 22 )	 ( 11 28 )	 ( 11 28 )	 ( 11 30 )	 ( 10 44 )	 ( 10 42 )	 ( 10 40 )	 ( 10 42 )	 ( 10 37 )	 ( 10 39 )	 ( 10 32 )	 ( 11 29 )	 ( 10 30 )	 ( 10 33 )	 ( 10 25 )	 ( 5 33 )	 ( 11 26 )	 ( 10 43 )	 ( 10 40 )	 ( 10 29 )	 ( 10 40 )	 ( 11 23 )	 ( 11 25 )	 ( 7 27 )	 ( 11 36 )	 ( 16 25 )	 ( 16 38 )	 ( 11 20 )	 ( 11 33 )	 ( 11 31 )	 ( 11 31 )	 ( 10 39 )	 ( 10 39 )	 ( 10 30 )	 ( 10 51 )	 ( 10 34 )	 ( 10 34 )	 ( 11 26 )	 ( 11 30 )	 ( 10 35 )	 ( 2147483647 0 )	 ( 16 18 )	 ( 16 16 )	 ( 7 37 )	 ( 7 31 )	 ( 7 35 )	 ( 7 35 )	 ( 10 35 )
65	 ( 11 39 )	 ( 5 41 )	 ( 11 44 )	 ( 11 47 )	 ( 11 26 )	 ( 11 36 )	 ( 11 42 )	 ( 11 9 )	 ( 33 8 )	 ( 38 8 )	 ( 11 13 )	 ( 11 10 )	 ( 11 11 )	 ( 11 18 )	 ( 11 27 )	 ( 11 20 )	 ( 11 27 )	 ( 10 17 )	 ( 10 25 )	 ( 21 15 )	 ( 11 19 )	 ( 11 11 )	 ( 11 17 )	 ( 11 11 )	 ( 5 24 )	 ( 11 26 )	 ( 11 26 )	 ( 11 28 )	 ( 11 47 )	 ( 11 48 )	 ( 11 40 )	 ( 11 49 )	 ( 11 45 )	 ( 11 47 )	 ( 11 40 )	 ( 11 27 )	 ( 11 38 )	 ( 11 41 )	 ( 11 33 )	 ( 5 31 )	 ( 11 24 )	 ( 11 49 )	 ( 11 48 )	 ( 11 29 )	 ( 11 41 )	 ( 11 21 )	 ( 11 23 )	 ( 7 25 )	 ( 11 34 )	 ( 29 23 )	 ( 18 36 )	 ( 33 9 )	 ( 11 31 )	 ( 11 29 )	 ( 11 29 )	 ( 11 47 )	 ( 11 47 )	 ( 11 38 )	 ( 11 57 )	 ( 7 39 )	 ( 11 34 )	 ( 11 24 )	 ( 30 19 )	 ( 10 43 )	 ( 16 18 )	 ( 2147483647 0 )	 ( 50 2 )	 ( 7 35 )	 ( 7 29 )	 ( 7 33 )	 ( 7 33 )	 ( 11 35 )
66	 ( 11 37 )	 ( 5 39 )	 ( 11 42 )	 ( 11 45 )	 ( 11 24 )	 ( 11 34 )	 ( 11 40 )	 ( 11 7 )	 ( 33 10 )	 ( 38 6 )	 ( 11 11 )	 ( 11 8 )	 ( 11 9 )	 ( 11 16 )	 ( 11 25 )	 ( 11 18 )	 ( 11 25 )	 ( 10 15 )	 ( 10 23 )	 ( 21 13 )	 ( 11 17 )	 ( 11 9 )	 ( 11 15 )	 ( 11 9 )	 ( 11 25 )	 ( 11 24 )	 ( 11 24 )	 ( 11 26 )	 ( 11 45 )	 ( 11 46 )	 ( 11 38 )	 ( 11 47 )	 ( 11 43 )	 ( 11 45 )	 ( 11 38 )	 ( 11 25 )	 ( 11 36 )	 ( 11 39 )	 ( 11 31 )	 ( 5 29 )	 ( 11 22 )	 ( 11 47 )	 ( 11 46 )	 ( 11 27 )	 ( 11 39 )	 ( 11 19 )	 ( 11 21 )	 ( 7 23 )	 ( 11 32 )	 ( 29 21 )	 ( 18 34 )	 ( 33 11 )	 ( 11 29 )	 ( 11 27 )	 ( 11 27 )	 ( 11 45 )	 ( 11 45 )	 ( 11 36 )	 ( 11 55 )	 ( 7 37 )	 ( 11 32 )	 ( 11 22 )	 ( 30 21 )	 ( 10 41 )	 ( 16 16 )	 ( 50 2 )	 ( 2147483647 0 )	 ( 7 33 )	 ( 7 27 )	 ( 7 31 )	 ( 7 31 )	 ( 11 33 )
67	 ( 10 25 )	 ( 12 17 )	 ( 10 15 )	 ( 10 18 )	 ( 12 29 )	 ( 12 17 )	 ( 12 23 )	 ( 7 28 )	 ( 7 36 )	 ( 7 27 )	 ( 7 32 )	 ( 7 29 )	 ( 12 28 )	 ( 12 21 )	 ( 12 38 )	 ( 12 23 )	 ( 12 30 )	 ( 12 32 )	 ( 12 24 )	 ( 10 34 )	 ( 7 38 )	 ( 7 30 )	 ( 7 36 )	 ( 7 30 )	 ( 12 31 )	 ( 12 29 )	 ( 12 29 )	 ( 12 31 )	 ( 10 25 )	 ( 10 19 )	 ( 12 21 )	 ( 10 27 )	 ( 12 26 )	 ( 12 28 )	 ( 12 21 )	 ( 7 46 )	 ( 12 19 )	 ( 11 22 )	 ( 12 14 )	 ( 5 28 )	 ( 12 27 )	 ( 12 20 )	 ( 12 29 )	 ( 12 10 )	 ( 12 12 )	 ( 12 18 )	 ( 12 16 )	 ( 54 10 )	 ( 12 27 )	 ( 7 12 )	 ( 7 25 )	 ( 7 37 )	 ( 7 50 )	 ( 12 32 )	 ( 12 36 )	 ( 12 22 )	 ( 11 28 )	 ( 12 19 )	 ( 12 28 )	 ( 12 15 )	 ( 12 5 )	 ( 12 27 )	 ( 7 47 )	 ( 10 24 )	 ( 7 37 )	 ( 7 35 )	 ( 7 33 )	 ( 2147483647 0 )	 ( 53 14 )	 ( 12 8 )	 ( 12 17 )	 ( 12 16 )
68	 ( 10 35 )	 ( 19 27 )	 ( 10 25 )	 ( 10 28 )	 ( 7 26 )	 ( 13 24 )	 ( 13 30 )	 ( 7 22 )	 ( 7 30 )	 ( 7 21 )	 ( 7 26 )	 ( 7 23 )	 ( 7 24 )	 ( 7 18 )	 ( 7 35 )	 ( 7 20 )	 ( 7 27 )	 ( 7 30 )	 ( 7 33 )	 ( 7 28 )	 ( 7 32 )	 ( 7 24 )	 ( 7 30 )	 ( 7 24 )	 ( 7 40 )	 ( 7 26 )	 ( 7 26 )	 ( 7 28 )	 ( 10 35 )	 ( 10 29 )	 ( 7 30 )	 ( 10 37 )	 ( 13 33 )	 ( 13 35 )	 ( 13 28 )	 ( 7 40 )	 ( 7 28 )	 ( 7 31 )	 ( 7 23 )	 ( 5 25 )	 ( 7 24 )	 ( 17 30 )	 ( 13 36 )	 ( 7 19 )	 ( 19 22 )	 ( 7 15 )	 ( 7 13 )	 ( 53 4 )	 ( 7 24 )	 ( 7 6 )	 ( 7 19 )	 ( 7 31 )	 ( 7 44 )	 ( 7 29 )	 ( 7 33 )	 ( 13 31 )	 ( 11 31 )	 ( 13 22 )	 ( 17 38 )	 ( 13 18 )	 ( 19 15 )	 ( 7 24 )	 ( 7 41 )	 ( 7 33 )	 ( 7 31 )	 ( 7 29 )	 ( 7 27 )	 ( 53 14 )	 ( 2147483647 0 )	 ( 33 12 )	 ( 49 4 )	 ( 7 25 )
69	 ( 10 23 )	 ( 19 15 )	 ( 10 13 )	 ( 10 16 )	 ( 13 27 )	 ( 19 15 )	 ( 19 21 )	 ( 7 26 )	 ( 7 34 )	 ( 7 25 )	 ( 7 30 )	 ( 7 27 )	 ( 19 26 )	 ( 19 19 )	 ( 19 36 )	 ( 19 21 )	 ( 13 28 )	 ( 19 30 )	 ( 19 22 )	 ( 10 32 )	 ( 7 36 )	 ( 7 28 )	 ( 7 34 )	 ( 7 28 )	 ( 19 29 )	 ( 19 27 )	 ( 19 27 )	 ( 19 29 )	 ( 10 23 )	 ( 10 17 )	 ( 19 19 )	 ( 10 25 )	 ( 19 24 )	 ( 19 26 )	 ( 19 19 )	 ( 7 44 )	 ( 19 17 )	 ( 11 20 )	 ( 19 12 )	 ( 5 26 )	 ( 19 25 )	 ( 17 18 )	 ( 19 27 )	 ( 19 8 )	 ( 19 10 )	 ( 19 16 )	 ( 19 14 )	 ( 33 8 )	 ( 16 25 )	 ( 7 10 )	 ( 7 23 )	 ( 7 35 )	 ( 7 48 )	 ( 13 30 )	 ( 19 34 )	 ( 19 20 )	 ( 11 26 )	 ( 19 17 )	 ( 17 26 )	 ( 19 13 )	 ( 19 3 )	 ( 19 25 )	 ( 7 45 )	 ( 10 22 )	 ( 7 35 )	 ( 7 33 )	 ( 7 31 )	 ( 12 8 )	 ( 33 12 )	 ( 2147483647 0 )	 ( 19 15 )	 ( 19 14 )
70	 ( 10 32 )	 ( 22 24 )	 ( 10 22 )	 ( 10 25 )	 ( 7 30 )	 ( 23 24 )	 ( 23 30 )	 ( 7 26 )	 ( 7 34 )	 ( 7 25 )	 ( 7 30 )	 ( 7 27 )	 ( 7 28 )	 ( 7 22 )	 ( 7 39 )	 ( 7 24 )	 ( 7 31 )	 ( 7 34 )	 ( 23 31 )	 ( 7 32 )	 ( 7 36 )	 ( 7 28 )	 ( 7 34 )	 ( 7 28 )	 ( 20 38 )	 ( 7 30 )	 ( 7 30 )	 ( 7 32 )	 ( 10 32 )	 ( 10 26 )	 ( 31 28 )	 ( 10 34 )	 ( 23 33 )	 ( 23 35 )	 ( 23 28 )	 ( 7 44 )	 ( 23 26 )	 ( 11 29 )	 ( 23 21 )	 ( 5 29 )	 ( 7 28 )	 ( 17 27 )	 ( 23 36 )	 ( 31 17 )	 ( 22 19 )	 ( 7 19 )	 ( 7 17 )	 ( 49 8 )	 ( 7 28 )	 ( 7 10 )	 ( 7 23 )	 ( 7 35 )	 ( 7 48 )	 ( 7 33 )	 ( 7 37 )	 ( 31 29 )	 ( 11 35 )	 ( 27 26 )	 ( 17 35 )	 ( 31 22 )	 ( 31 12 )	 ( 7 28 )	 ( 7 45 )	 ( 10 31 )	 ( 7 35 )	 ( 7 33 )	 ( 7 31 )	 ( 12 17 )	 ( 49 4 )	 ( 19 15 )	 ( 2147483647 0 )	 ( 31 23 )
71	 ( 39 31 )	 ( 5 18 )	 ( 48 21 )	 ( 23 24 )	 ( 13 25 )	 ( 23 13 )	 ( 23 19 )	 ( 21 26 )	 ( 21 34 )	 ( 11 27 )	 ( 21 30 )	 ( 21 27 )	 ( 21 24 )	 ( 21 17 )	 ( 21 34 )	 ( 21 19 )	 ( 13 26 )	 ( 23 28 )	 ( 23 20 )	 ( 10 30 )	 ( 21 36 )	 ( 21 28 )	 ( 11 34 )	 ( 17 28 )	 ( 20 27 )	 ( 21 25 )	 ( 21 25 )	 ( 21 27 )	 ( 37 24 )	 ( 33 25 )	 ( 46 17 )	 ( 37 26 )	 ( 23 22 )	 ( 23 24 )	 ( 23 17 )	 ( 21 44 )	 ( 23 15 )	 ( 11 18 )	 ( 23 10 )	 ( 5 24 )	 ( 21 23 )	 ( 17 26 )	 ( 23 25 )	 ( 55 6 )	 ( 22 18 )	 ( 53 14 )	 ( 53 12 )	 ( 7 21 )	 ( 16 23 )	 ( 21 19 )	 ( 26 26 )	 ( 21 35 )	 ( 21 47 )	 ( 13 28 )	 ( 21 32 )	 ( 28 17 )	 ( 11 24 )	 ( 23 15 )	 ( 17 34 )	 ( 23 19 )	 ( 49 11 )	 ( 21 23 )	 ( 21 45 )	 ( 10 20 )	 ( 10 35 )	 ( 11 35 )	 ( 11 33 )	 ( 12 16 )	 ( 7 25 )	 ( 19 14 )	 ( 31 23 )	 ( 2147483647 0 )
